interaction_id,user_id,product_id,action,timestamp
1,26,18,view,2023-09-05 19:24:29
2,1,37,like,2023-01-11 23:48:20
3,50,42,click,2022-06-12 01:33:40
4,90,35,like,2023-05-20 17:36:36
5,15,48,like,2023-06-18 22:32:02
6,26,3,purchase,2023-06-09 13:08:15
7,85,36,view,2022-06-01 23:24:51
8,11,47,view,2022-01-28 21:11:39
9,60,9,like,2023-02-15 01:23:50
10,22,39,click,2022-03-21 13:04:19
11,16,9,like,2022-01-24 17:45:56
12,97,5,view,2022-05-10 08:02:14
13,55,8,view,2022-12-29 00:27:04
14,49,31,click,2023-03-12 05:02:27
15,17,39,view,2023-07-23 10:04:21
16,7,38,click,2023-04-01 01:59:14
17,63,14,like,2022-02-09 00:49:57
18,30,2,click,2022-10-17 14:00:22
19,83,6,purchase,2022-01-01 06:50:40
20,60,25,view,2022-12-24 05:29:59
21,18,41,view,2023-03-05 15:05:57
22,66,48,like,2023-09-13 09:48:28
23,60,45,view,2022-06-11 14:24:28
24,60,6,view,2023-11-02 15:14:21
25,32,39,like,2022-04-13 18:44:10
26,40,37,click,2022-09-25 07:50:17
27,16,13,view,2022-09-27 00:27:38
28,38,35,view,2023-11-06 20:36:40
29,100,8,view,2022-11-14 08:56:12
30,19,11,click,2023-02-18 08:56:40
31,77,10,click,2023-08-14 00:36:16
32,55,19,like,2022-04-23 13:21:35
33,25,4,view,2022-05-17 02:22:22
34,20,30,like,2022-12-18 13:16:06
35,86,12,like,2023-12-21 18:40:25
36,90,13,click,2023-11-02 07:21:27
37,50,15,view,2022-11-21 01:57:54
38,83,29,like,2023-06-05 05:57:29
39,91,42,click,2023-08-08 01:31:16
40,94,27,like,2023-03-04 23:48:35
41,44,6,purchase,2022-10-23 04:00:01
42,22,10,purchase,2023-08-17 02:56:23
43,69,31,click,2022-02-01 23:02:50
44,29,24,click,2022-02-16 23:55:49
45,29,26,view,2023-11-01 13:10:45
46,11,2,like,2023-03-29 07:28:45
47,42,15,purchase,2022-09-27 22:55:30
48,59,7,like,2022-03-25 02:58:41
49,56,43,purchase,2022-09-29 04:55:53
50,6,36,like,2022-06-13 03:30:51
51,73,22,purchase,2022-09-25 16:23:26
52,84,16,like,2023-01-02 00:11:24
53,11,43,view,2022-09-18 01:54:11
54,10,15,click,2022-08-28 03:25:20
55,34,42,purchase,2023-05-03 09:57:52
56,78,8,click,2023-03-12 20:08:35
57,16,8,click,2023-06-25 14:03:16
58,92,37,like,2022-06-15 01:14:33
59,62,11,like,2023-09-17 08:35:08
60,44,34,click,2023-07-21 07:06:34
61,53,26,purchase,2023-10-27 10:48:54
62,24,49,click,2023-07-25 01:49:24
63,98,14,click,2023-12-26 08:59:07
64,76,4,view,2022-11-12 16:16:11
65,95,29,purchase,2022-10-01 10:15:31
66,9,47,view,2023-07-04 12:14:58
67,4,48,purchase,2023-07-15 15:47:49
68,80,9,purchase,2023-08-06 01:56:38
69,80,26,click,2023-11-22 04:22:19
70,16,34,purchase,2023-10-13 19:33:43
71,65,42,click,2023-09-06 18:28:38
72,86,5,like,2022-04-13 02:07:30
73,64,49,view,2022-06-17 22:25:42
74,78,25,view,2022-09-20 03:51:20
75,46,21,like,2022-02-07 13:37:05
76,34,17,like,2023-04-18 20:42:02
77,31,48,click,2023-07-05 20:17:01
78,50,20,view,2022-12-03 15:17:49
79,71,4,click,2023-11-15 15:01:49
80,100,16,purchase,2023-03-05 09:15:20
81,26,6,view,2023-05-08 18:54:41
82,63,36,view,2022-08-18 08:34:06
83,20,31,purchase,2023-09-03 01:13:59
84,43,45,click,2022-06-21 21:09:52
85,17,2,like,2022-11-20 22:43:48
86,43,26,view,2023-08-07 16:54:59
87,10,46,purchase,2022-01-06 09:16:55
88,17,39,purchase,2022-03-12 00:08:32
89,88,1,like,2022-10-31 21:17:19
90,83,47,view,2023-12-27 04:49:04
91,10,12,click,2023-07-08 15:29:03
92,73,24,click,2022-07-10 04:31:09
93,54,45,click,2023-11-16 01:55:48
94,25,31,like,2023-03-23 19:08:04
95,22,28,view,2022-11-10 11:14:32
96,38,39,like,2022-01-23 15:29:27
97,84,5,purchase,2022-12-24 09:05:17
98,57,13,view,2022-07-20 18:38:04
99,82,24,view,2022-08-26 11:53:58
100,93,17,like,2022-01-05 09:55:36
101,58,32,like,2023-03-21 11:11:06
102,68,30,view,2023-12-03 14:45:40
103,74,19,view,2023-04-20 21:42:38
104,39,5,click,2022-04-22 23:02:48
105,4,3,purchase,2023-01-08 09:07:55
106,61,26,purchase,2022-08-21 22:57:25
107,94,38,like,2023-05-03 05:01:18
108,97,23,view,2023-02-02 02:12:44
109,89,13,purchase,2022-02-20 00:28:46
110,31,3,like,2023-12-06 16:43:04
111,77,31,purchase,2023-04-11 04:45:59
112,38,37,like,2022-09-08 07:45:18
113,51,25,click,2023-05-12 02:11:27
114,17,44,purchase,2022-12-23 16:47:43
115,20,4,view,2022-12-25 03:25:39
116,16,50,purchase,2022-11-16 21:49:11
117,17,8,purchase,2022-05-03 05:25:06
118,21,27,click,2023-01-24 04:55:12
119,56,6,purchase,2023-07-12 04:38:29
120,3,21,purchase,2023-06-19 14:19:26
121,64,22,purchase,2022-05-25 10:40:21
122,99,38,view,2023-03-28 10:14:20
123,63,2,view,2022-04-14 08:25:29
124,88,47,like,2023-12-12 03:13:56
125,61,50,like,2022-11-23 06:44:13
126,65,18,view,2023-10-07 04:22:11
127,70,20,purchase,2023-06-26 20:49:38
128,57,24,purchase,2023-11-19 05:34:07
129,83,25,view,2023-01-29 16:35:24
130,98,42,view,2023-06-22 14:31:20
131,89,31,view,2022-08-13 16:32:25
132,69,22,purchase,2023-11-11 12:02:39
133,55,1,like,2023-10-01 11:27:30
134,88,17,purchase,2023-08-30 05:17:50
135,97,6,like,2022-08-15 23:42:12
136,94,4,view,2022-11-11 03:38:10
137,3,40,click,2022-06-30 23:29:41
138,19,15,click,2023-08-17 19:28:08
139,100,43,like,2023-11-13 21:49:03
140,18,21,view,2023-12-01 13:02:10
141,45,26,click,2023-05-12 04:35:42
142,27,44,view,2023-10-25 21:13:36
143,91,17,purchase,2022-07-22 01:15:10
144,94,10,like,2022-09-24 14:38:57
145,56,18,like,2022-07-04 21:54:58
146,68,39,view,2023-12-04 13:50:55
147,96,38,click,2023-09-23 05:35:03
148,66,2,click,2023-01-26 09:08:46
149,95,39,purchase,2023-01-24 02:41:43
150,64,9,purchase,2023-03-30 18:39:39
151,45,30,view,2023-05-31 22:00:03
152,100,15,like,2023-08-24 00:05:04
153,40,15,like,2022-12-06 08:42:03
154,76,14,click,2023-08-26 22:58:25
155,60,38,view,2022-12-25 22:10:22
156,70,50,like,2022-02-03 16:01:44
157,52,34,purchase,2023-04-30 16:02:52
158,71,48,view,2023-02-18 17:37:50
159,21,34,click,2022-05-04 07:41:37
160,91,44,purchase,2023-11-11 22:07:07
161,50,19,purchase,2022-06-25 16:54:40
162,32,50,view,2022-10-08 09:05:49
163,54,5,purchase,2023-06-09 13:51:45
164,78,8,view,2023-09-11 09:29:03
165,34,24,like,2022-06-15 12:12:11
166,43,45,view,2023-08-25 14:56:32
167,78,14,purchase,2023-01-09 13:59:05
168,44,43,view,2023-12-22 17:42:26
169,51,16,click,2022-08-15 02:25:26
170,83,2,like,2022-03-04 05:46:12
171,5,43,purchase,2023-11-14 15:48:42
172,13,21,purchase,2023-01-14 13:05:58
173,7,5,click,2022-07-22 00:32:29
174,70,31,like,2023-01-18 23:27:37
175,81,24,click,2022-10-22 00:39:48
176,34,39,like,2022-11-28 09:49:23
177,82,12,like,2023-12-09 10:52:35
178,70,26,view,2022-10-22 13:35:46
179,87,33,click,2022-09-14 01:02:47
180,41,39,like,2023-03-18 21:39:47
181,99,20,click,2022-12-09 09:25:13
182,18,42,click,2023-02-11 07:49:57
183,92,5,like,2022-05-28 09:03:45
184,6,9,purchase,2023-06-06 23:32:28
185,88,17,click,2022-05-19 02:48:12
186,96,45,purchase,2022-07-12 12:00:05
187,77,48,click,2023-08-28 03:05:36
188,71,22,purchase,2023-06-17 18:41:39
189,1,18,click,2022-12-24 06:59:35
190,9,14,purchase,2022-04-25 08:11:52
191,71,46,view,2022-11-21 13:27:34
192,22,37,like,2023-09-28 21:12:28
193,92,50,click,2023-04-10 05:25:43
194,72,19,like,2023-10-16 16:32:20
195,40,38,click,2023-01-31 22:29:36
196,26,12,purchase,2022-11-02 09:52:24
197,2,50,click,2023-09-30 12:51:38
198,31,8,like,2023-05-07 00:15:24
199,14,49,purchase,2022-05-03 04:24:14
200,96,24,view,2022-01-26 20:14:17
201,77,10,like,2022-01-31 01:11:20
202,13,40,view,2023-05-01 06:48:56
203,60,40,purchase,2022-11-21 00:43:02
204,71,1,click,2022-01-28 11:38:40
205,53,49,click,2022-11-08 02:44:02
206,26,24,purchase,2022-08-09 15:25:54
207,100,45,purchase,2022-04-04 06:06:36
208,92,41,purchase,2022-09-18 17:44:02
209,15,47,purchase,2022-08-05 19:36:10
210,61,23,view,2023-06-16 01:47:38
211,54,36,purchase,2022-06-25 14:56:56
212,11,48,purchase,2022-10-11 04:53:41
213,27,47,like,2022-12-21 03:06:32
214,40,41,click,2022-05-09 08:07:14
215,21,43,like,2023-03-28 11:36:39
216,31,49,purchase,2022-10-11 23:46:43
217,75,36,like,2022-02-18 16:24:52
218,70,25,like,2023-11-18 16:10:19
219,44,3,click,2022-05-21 20:00:59
220,43,30,like,2022-11-19 18:58:54
221,98,38,click,2022-04-26 21:37:01
222,29,22,click,2022-04-16 00:46:06
223,54,33,like,2023-08-31 16:16:19
224,78,20,purchase,2022-09-27 04:47:42
225,77,30,like,2022-01-06 03:09:37
226,92,14,view,2023-12-26 02:21:28
227,83,49,click,2023-04-09 06:08:43
228,71,18,click,2022-02-07 16:25:02
229,9,47,purchase,2023-05-11 16:48:45
230,35,6,view,2023-10-13 21:31:51
231,6,25,like,2022-03-05 23:26:23
232,96,6,click,2022-11-25 04:52:39
233,66,6,view,2022-05-21 19:56:48
234,6,26,view,2023-09-19 22:01:34
235,71,2,click,2023-07-01 18:26:21
236,81,7,view,2022-05-11 08:33:55
237,33,19,like,2023-09-02 09:55:55
238,16,31,like,2022-08-26 05:47:53
239,45,30,view,2023-06-18 12:13:49
240,94,27,click,2023-02-15 17:29:39
241,17,38,view,2023-05-23 20:27:28
242,79,42,view,2023-11-27 11:30:22
243,95,45,view,2022-02-03 04:12:28
244,64,43,click,2023-11-25 14:27:32
245,81,39,purchase,2022-04-28 23:36:28
246,48,34,purchase,2023-08-14 06:16:51
247,55,37,like,2022-10-18 12:19:26
248,85,32,click,2023-10-15 23:13:17
249,63,4,click,2022-05-27 20:45:31
250,3,31,purchase,2022-06-14 03:50:17
251,74,36,purchase,2022-11-12 21:25:57
252,42,4,purchase,2023-01-23 09:42:01
253,89,26,like,2023-11-06 08:01:28
254,41,39,purchase,2022-06-21 20:15:51
255,42,2,like,2023-04-04 15:58:09
256,37,32,purchase,2022-01-04 10:23:29
257,81,31,like,2022-01-22 14:30:10
258,22,32,view,2022-12-04 00:23:17
259,22,35,purchase,2022-05-29 23:47:08
260,64,34,like,2023-01-03 11:32:11
261,83,10,click,2023-07-13 03:44:07
262,53,8,like,2023-03-04 17:13:05
263,77,36,like,2023-04-14 03:28:31
264,19,35,click,2022-08-23 17:48:28
265,22,39,click,2023-08-17 20:19:35
266,56,9,purchase,2022-06-10 04:19:42
267,16,41,like,2023-08-02 02:41:02
268,47,5,purchase,2022-05-20 12:09:38
269,6,37,like,2022-02-07 20:11:32
270,15,7,click,2023-05-17 15:41:48
271,18,36,like,2022-11-30 22:42:49
272,86,4,view,2023-11-15 08:55:49
273,22,6,click,2022-06-30 14:32:30
274,53,32,click,2023-08-05 18:47:00
275,30,10,click,2023-10-16 00:30:11
276,14,27,click,2023-06-19 07:54:28
277,30,35,click,2022-09-18 10:49:18
278,46,45,view,2023-06-01 16:41:40
279,55,50,like,2022-12-03 03:41:23
280,91,17,like,2022-12-19 00:44:17
281,16,10,view,2023-04-14 16:14:52
282,98,38,view,2023-04-26 21:57:27
283,13,1,like,2022-03-16 05:42:43
284,10,19,purchase,2022-10-27 01:22:13
285,7,23,purchase,2022-05-19 20:33:09
286,6,6,view,2022-12-18 03:25:52
287,38,42,purchase,2022-09-30 23:37:47
288,45,21,click,2022-04-02 07:59:14
289,50,12,view,2023-06-02 02:10:48
290,95,2,like,2022-07-25 09:33:39
291,27,25,like,2023-04-09 18:24:54
292,59,35,like,2023-05-22 10:11:34
293,75,19,view,2022-06-01 08:10:43
294,39,38,purchase,2022-10-18 04:11:13
295,43,1,click,2023-04-27 01:45:07
296,19,35,purchase,2022-06-28 21:55:11
297,17,17,click,2022-08-15 07:03:25
298,72,38,purchase,2022-04-19 19:00:27
299,61,11,view,2023-09-06 04:41:11
300,25,48,purchase,2023-04-01 07:43:51
301,11,20,click,2023-12-30 12:23:28
302,99,45,click,2022-08-10 15:17:10
303,52,48,purchase,2023-05-07 18:34:43
304,47,13,purchase,2023-10-14 11:11:33
305,23,13,like,2022-07-19 07:50:16
306,31,23,purchase,2023-05-30 05:28:24
307,24,36,purchase,2022-11-25 14:09:00
308,96,9,like,2022-10-19 00:43:41
309,17,36,purchase,2022-04-20 13:05:47
310,37,43,purchase,2023-08-01 17:38:27
311,61,47,click,2022-01-03 03:16:47
312,91,40,view,2022-11-24 18:29:14
313,9,46,purchase,2022-10-23 09:27:43
314,69,50,like,2022-01-01 20:27:52
315,74,26,click,2022-08-03 03:41:27
316,75,44,view,2023-01-13 06:37:18
317,31,44,like,2023-01-14 05:53:38
318,72,37,like,2023-08-22 19:26:49
319,90,47,like,2023-01-17 09:29:24
320,7,45,view,2022-08-24 16:42:07
321,19,1,view,2023-08-27 22:26:35
322,49,23,purchase,2022-06-29 03:26:55
323,85,49,like,2022-02-15 11:00:23
324,58,22,purchase,2022-08-22 19:56:40
325,19,2,purchase,2022-06-02 12:52:06
326,75,48,purchase,2023-10-04 10:21:58
327,28,31,view,2022-03-04 07:41:34
328,29,6,view,2023-05-23 14:37:00
329,25,35,like,2022-08-13 05:53:43
330,98,3,like,2023-03-21 16:41:27
331,99,36,view,2023-01-08 06:16:02
332,27,42,purchase,2023-04-04 07:00:07
333,67,36,click,2023-06-29 05:26:47
334,84,27,like,2022-07-23 09:14:44
335,58,4,click,2022-02-11 08:53:24
336,82,23,view,2023-03-09 18:31:32
337,16,36,like,2022-02-06 01:23:20
338,85,2,click,2023-04-18 04:04:37
339,74,35,click,2023-08-06 12:20:34
340,37,5,like,2023-03-22 17:59:44
341,20,26,click,2023-06-02 15:47:44
342,25,49,purchase,2022-04-07 10:07:08
343,82,5,like,2022-02-07 16:31:02
344,57,27,purchase,2023-10-02 15:49:04
345,15,2,like,2022-05-07 02:41:23
346,83,41,like,2022-12-17 15:11:29
347,39,39,like,2023-06-02 09:09:02
348,35,3,like,2022-04-26 01:17:24
349,84,10,like,2023-08-30 09:03:04
350,18,29,like,2023-10-23 00:55:50
351,17,32,like,2022-09-30 17:33:07
352,39,28,view,2023-12-22 16:59:37
353,58,35,purchase,2022-02-12 15:04:49
354,31,36,like,2023-11-15 03:42:59
355,6,24,click,2022-08-02 08:01:09
356,6,41,like,2022-09-08 08:22:25
357,31,28,like,2023-07-15 01:07:18
358,3,22,view,2023-07-10 22:05:17
359,74,41,view,2023-09-23 11:16:23
360,14,10,purchase,2023-09-15 09:19:31
361,53,38,purchase,2022-10-04 23:31:13
362,33,46,view,2023-03-23 20:13:08
363,75,25,view,2022-11-16 20:38:53
364,37,45,click,2022-08-19 09:31:12
365,8,26,click,2022-06-05 20:00:38
366,86,47,click,2023-08-21 03:11:13
367,57,37,click,2023-08-20 12:40:04
368,46,22,purchase,2023-07-04 23:15:35
369,10,50,purchase,2022-09-01 01:26:12
370,3,20,like,2022-03-14 23:02:31
371,97,22,like,2022-01-28 03:05:12
372,26,47,like,2022-07-23 17:09:38
373,92,31,like,2023-12-04 23:11:48
374,32,40,view,2023-01-06 00:48:40
375,34,39,like,2022-03-19 09:09:50
376,14,1,purchase,2023-03-05 03:15:28
377,90,38,view,2022-01-09 01:06:41
378,13,2,purchase,2022-02-09 03:43:54
379,5,28,view,2023-04-21 18:22:55
380,97,34,click,2022-09-26 23:04:14
381,25,38,click,2023-03-31 00:45:50
382,83,8,purchase,2022-02-05 12:56:06
383,58,36,view,2023-12-13 10:11:27
384,75,30,click,2023-06-12 07:06:16
385,32,39,like,2022-02-20 17:20:44
386,24,8,like,2022-01-03 15:28:28
387,98,8,purchase,2022-01-25 11:51:47
388,35,6,view,2023-12-18 10:48:14
389,20,41,like,2023-06-12 13:02:04
390,21,7,click,2023-08-08 16:02:01
391,66,36,view,2022-01-24 17:57:41
392,75,37,like,2023-05-19 14:07:23
393,3,48,like,2023-09-10 21:44:52
394,36,47,view,2022-06-08 13:20:22
395,88,5,click,2022-05-19 03:49:17
396,6,27,click,2023-06-16 05:08:17
397,38,30,view,2022-11-26 17:38:53
398,42,40,click,2023-01-12 20:41:48
399,30,45,like,2023-10-09 07:23:30
400,13,5,like,2023-12-20 21:18:39
401,56,47,purchase,2022-04-05 02:58:28
402,100,42,view,2023-01-25 01:42:16
403,63,39,view,2022-10-11 00:45:47
404,60,8,click,2023-08-04 17:31:39
405,74,22,view,2022-09-28 19:40:45
406,81,24,purchase,2022-10-03 03:04:31
407,78,19,view,2023-08-16 10:50:11
408,89,10,click,2023-09-20 06:53:07
409,24,50,like,2023-05-06 16:08:17
410,24,12,view,2022-06-29 14:50:03
411,13,41,like,2022-11-08 16:28:51
412,8,35,purchase,2022-08-01 17:15:15
413,79,10,view,2022-04-11 03:06:29
414,38,50,purchase,2023-05-24 11:04:55
415,3,7,purchase,2023-06-23 12:46:19
416,55,11,click,2023-12-25 13:32:05
417,15,38,like,2023-04-17 09:19:09
418,96,32,like,2022-01-19 02:34:32
419,78,16,like,2022-08-10 16:32:09
420,68,13,like,2022-12-22 22:10:56
421,64,1,view,2022-09-29 01:13:57
422,81,18,purchase,2022-12-09 15:09:33
423,94,9,click,2022-10-04 22:09:50
424,59,11,purchase,2022-02-07 00:02:54
425,69,2,click,2022-08-19 22:28:04
426,97,20,purchase,2022-11-24 21:50:24
427,31,10,view,2023-03-21 09:28:45
428,62,29,like,2023-09-14 19:19:44
429,64,15,click,2022-11-23 16:09:15
430,85,6,view,2023-02-02 08:02:35
431,89,40,click,2023-01-21 08:39:50
432,60,27,view,2022-05-27 06:24:06
433,84,39,purchase,2022-05-17 03:53:21
434,18,18,view,2022-12-16 05:37:08
435,62,18,like,2023-02-15 02:18:12
436,94,37,purchase,2022-02-18 03:54:22
437,40,21,click,2022-04-21 21:24:57
438,60,1,like,2022-06-29 17:35:15
439,97,33,like,2022-12-13 03:14:12
440,76,42,click,2023-04-12 19:09:33
441,15,24,click,2022-01-01 20:03:12
442,68,13,like,2022-05-11 09:43:32
443,94,10,like,2022-02-15 15:00:29
444,72,6,like,2023-12-07 19:45:18
445,58,14,click,2022-01-16 15:24:41
446,11,4,view,2023-11-01 22:57:00
447,3,12,click,2022-07-24 13:13:56
448,22,22,purchase,2022-04-03 21:13:31
449,8,24,like,2023-02-13 05:22:32
450,22,10,click,2023-09-30 03:03:58
451,50,15,click,2023-09-28 12:59:37
452,36,37,purchase,2023-05-08 15:20:13
453,51,7,like,2022-08-04 23:09:47
454,54,8,view,2022-10-01 16:13:19
455,83,48,click,2022-10-10 17:02:18
456,89,45,like,2022-08-06 14:26:01
457,26,2,click,2022-11-18 18:01:29
458,96,2,view,2023-10-18 01:22:17
459,40,23,purchase,2022-02-26 00:47:02
460,9,46,view,2023-12-29 21:40:31
461,44,30,purchase,2023-06-16 00:27:29
462,22,31,view,2023-10-02 02:50:45
463,72,30,view,2022-03-16 17:23:34
464,30,49,like,2023-01-06 20:41:36
465,87,28,click,2022-09-25 20:04:40
466,35,17,purchase,2022-04-09 23:25:17
467,22,31,view,2023-11-21 10:19:15
468,41,8,like,2023-10-01 04:29:56
469,22,4,purchase,2023-10-02 12:31:24
470,89,34,purchase,2023-12-20 00:56:27
471,13,31,click,2023-11-23 11:13:32
472,96,26,purchase,2022-12-30 14:43:16
473,26,17,view,2022-11-17 03:19:31
474,70,29,like,2023-02-14 15:31:25
475,26,7,purchase,2023-11-07 18:05:40
476,74,2,click,2023-03-12 18:00:28
477,10,24,view,2023-04-05 12:41:37
478,91,26,purchase,2023-11-05 00:07:23
479,72,22,purchase,2022-06-29 19:08:52
480,83,21,click,2023-12-21 01:01:07
481,4,11,purchase,2022-07-03 00:13:50
482,86,18,click,2022-03-27 09:05:56
483,6,10,view,2023-07-03 05:43:51
484,39,47,purchase,2023-01-12 00:59:59
485,55,2,like,2023-09-07 21:07:40
486,8,29,click,2022-10-28 22:08:26
487,74,17,view,2022-05-04 03:33:56
488,82,39,like,2023-08-25 11:01:41
489,62,18,view,2022-07-25 18:15:44
490,28,13,view,2022-01-29 12:31:34
491,55,40,click,2022-05-24 03:30:09
492,77,17,purchase,2022-11-16 02:27:30
493,33,19,purchase,2022-01-08 09:29:17
494,30,50,purchase,2023-09-26 06:49:23
495,34,14,purchase,2022-09-09 02:58:23
496,7,30,click,2023-07-20 15:39:53
497,85,6,purchase,2023-05-11 12:37:26
498,7,43,click,2022-09-20 17:45:01
499,13,8,like,2022-08-20 15:09:01
500,98,17,click,2022-03-09 07:18:58
501,66,8,like,2022-07-26 20:57:48
502,55,37,purchase,2022-06-04 17:19:29
503,51,4,click,2023-09-27 12:19:46
504,94,45,purchase,2022-09-09 10:53:57
505,60,21,purchase,2023-01-17 02:55:44
506,68,36,like,2023-07-21 01:30:45
507,34,36,click,2022-06-03 02:09:26
508,13,2,view,2022-04-27 13:34:45
509,36,24,view,2023-11-03 13:44:16
510,37,22,like,2022-09-11 14:01:28
511,26,2,view,2022-03-11 04:16:54
512,61,10,like,2023-04-04 07:32:40
513,78,50,view,2023-03-22 07:11:20
514,7,9,like,2022-10-26 09:48:19
515,35,50,purchase,2022-01-01 04:09:38
516,7,35,like,2022-08-23 07:09:55
517,28,16,view,2023-11-02 21:05:57
518,25,44,view,2023-12-05 00:18:11
519,100,4,like,2022-09-07 04:58:37
520,65,45,purchase,2022-10-13 09:20:58
521,60,24,like,2023-03-20 09:44:32
522,25,40,purchase,2023-12-03 10:49:55
523,24,41,purchase,2022-11-05 19:04:55
524,91,15,purchase,2022-02-14 03:14:26
525,20,11,view,2022-10-14 17:00:03
526,93,1,view,2023-02-21 13:51:57
527,37,37,click,2023-08-20 19:10:58
528,6,1,purchase,2022-01-04 22:56:54
529,96,28,purchase,2023-11-10 10:05:48
530,70,47,purchase,2022-08-09 23:38:57
531,27,15,click,2022-02-02 09:39:36
532,25,24,purchase,2023-01-30 21:04:41
533,67,14,like,2023-01-13 20:45:14
534,42,39,like,2022-12-13 08:05:21
535,100,48,view,2022-03-18 21:19:58
536,59,48,view,2022-11-26 08:17:23
537,74,12,view,2023-05-21 17:43:48
538,53,3,click,2022-03-21 04:47:38
539,81,35,view,2023-07-06 18:07:25
540,65,45,view,2022-11-30 13:19:19
541,96,40,purchase,2023-09-10 23:16:10
542,86,19,purchase,2023-07-05 23:57:33
543,85,46,click,2022-01-24 10:53:37
544,6,32,purchase,2022-08-06 19:43:08
545,44,28,like,2023-08-02 19:55:39
546,51,3,purchase,2022-04-17 13:39:22
547,13,7,purchase,2023-12-18 13:50:03
548,69,26,view,2023-10-14 05:29:51
549,93,14,like,2022-04-23 00:00:52
550,77,45,purchase,2023-07-06 08:30:04
551,99,44,like,2022-05-11 06:04:18
552,67,8,view,2023-08-15 14:05:29
553,56,17,like,2023-04-25 05:14:46
554,70,43,view,2022-12-04 14:42:35
555,73,34,view,2022-09-25 13:51:24
556,62,47,purchase,2022-07-01 14:25:43
557,94,36,purchase,2023-09-30 16:20:18
558,2,16,view,2022-06-27 02:19:55
559,68,27,like,2022-01-29 09:05:22
560,23,25,view,2023-05-24 19:29:00
561,71,46,purchase,2022-10-05 23:06:14
562,31,19,like,2023-06-26 22:25:47
563,14,47,view,2022-02-02 18:31:23
564,98,27,click,2023-09-17 04:49:31
565,9,30,click,2023-04-18 01:25:32
566,97,19,purchase,2022-08-21 17:39:16
567,86,44,click,2023-09-20 07:35:45
568,64,41,like,2022-02-02 10:40:39
569,5,20,like,2023-05-23 01:36:57
570,32,18,purchase,2023-10-02 05:23:16
571,53,17,view,2022-08-07 13:26:02
572,45,22,purchase,2022-03-25 08:24:32
573,72,26,like,2023-05-18 10:52:50
574,72,2,view,2022-08-14 15:23:03
575,12,32,like,2022-02-26 17:38:42
576,33,17,click,2022-05-29 23:54:57
577,82,44,view,2023-01-26 13:31:04
578,44,17,like,2023-01-15 12:33:45
579,67,18,click,2022-04-19 17:06:03
580,92,26,purchase,2022-01-24 14:46:10
581,20,13,purchase,2023-04-30 05:18:01
582,25,27,click,2023-09-11 06:11:27
583,22,32,click,2022-05-19 08:58:12
584,46,12,like,2023-09-14 07:31:45
585,25,30,like,2023-03-11 10:26:55
586,56,38,purchase,2023-09-25 09:43:58
587,96,17,click,2022-02-27 00:22:19
588,4,48,purchase,2023-10-18 14:00:25
589,57,36,purchase,2022-06-06 19:58:58
590,24,2,view,2022-03-17 00:45:15
591,96,43,like,2022-02-01 16:54:06
592,59,6,click,2022-09-01 22:20:33
593,7,49,like,2022-06-16 03:42:46
594,98,48,view,2022-12-20 17:02:42
595,91,25,like,2023-02-28 18:54:47
596,19,30,like,2023-05-18 11:20:32
597,14,38,click,2023-12-02 02:54:38
598,10,42,like,2022-07-04 23:57:08
599,70,8,purchase,2023-10-10 09:18:25
600,21,41,view,2022-07-02 01:32:07
601,40,13,click,2022-09-06 16:03:49
602,77,35,purchase,2022-06-28 16:06:47
603,92,29,click,2022-05-02 14:40:26
604,2,17,click,2022-10-05 12:56:17
605,16,36,purchase,2023-08-31 14:33:58
606,57,32,purchase,2022-02-21 11:16:30
607,11,31,purchase,2023-02-04 16:17:32
608,83,35,view,2023-03-01 01:59:09
609,79,41,view,2023-09-04 00:59:56
610,9,46,purchase,2022-08-20 10:55:25
611,53,29,view,2022-02-16 16:27:36
612,65,34,like,2022-01-17 23:49:09
613,51,44,purchase,2022-03-31 09:25:20
614,18,16,like,2022-05-31 03:22:53
615,14,41,click,2022-12-18 22:39:59
616,16,13,like,2023-03-27 20:06:12
617,13,34,view,2022-08-11 22:06:56
618,70,26,purchase,2022-04-15 05:29:20
619,98,17,like,2022-04-06 05:30:35
620,69,13,view,2023-12-11 09:55:20
621,11,45,view,2022-07-15 09:33:34
622,7,39,click,2023-07-22 17:16:35
623,71,3,purchase,2022-10-20 03:32:59
624,24,31,click,2022-12-02 16:12:33
625,95,33,click,2022-02-28 03:59:17
626,45,40,view,2022-10-26 09:35:02
627,44,24,click,2022-07-10 05:40:11
628,78,8,purchase,2022-01-12 10:25:24
629,31,10,like,2023-12-16 04:10:48
630,37,11,purchase,2022-12-15 08:39:16
631,47,36,like,2022-03-18 14:27:58
632,91,33,purchase,2023-03-04 05:43:24
633,20,10,purchase,2022-02-13 15:34:24
634,44,46,click,2023-01-16 04:38:17
635,41,49,purchase,2022-05-09 11:03:38
636,38,26,purchase,2023-07-17 08:10:45
637,81,36,like,2022-07-24 17:14:50
638,4,40,view,2023-02-16 21:41:46
639,82,43,like,2023-10-06 15:27:18
640,96,23,view,2023-06-23 13:10:41
641,71,33,like,2022-02-04 09:57:11
642,45,41,click,2023-05-17 04:29:25
643,78,43,like,2022-04-30 19:24:57
644,30,34,purchase,2023-01-04 18:26:58
645,27,43,purchase,2023-08-09 01:44:44
646,65,11,click,2022-11-20 12:35:00
647,55,40,view,2023-02-14 13:28:24
648,95,37,click,2023-01-30 03:45:36
649,89,33,like,2022-02-27 07:37:36
650,45,2,purchase,2022-01-11 17:36:41
651,82,38,view,2023-01-15 15:21:38
652,45,37,click,2022-03-28 01:15:00
653,84,36,like,2022-07-29 11:59:51
654,39,25,view,2022-12-28 22:14:22
655,82,38,purchase,2022-09-10 15:38:59
656,85,26,purchase,2022-03-13 00:46:12
657,83,47,view,2023-07-25 06:12:41
658,33,5,click,2023-07-10 05:45:21
659,51,43,purchase,2022-05-08 23:37:53
660,18,17,click,2023-08-20 09:58:02
661,62,13,click,2022-07-11 04:27:18
662,49,28,view,2022-06-28 17:03:14
663,69,23,click,2022-07-26 05:38:55
664,63,20,like,2023-02-09 20:21:48
665,77,27,purchase,2022-11-01 07:29:25
666,24,34,view,2022-02-16 10:45:04
667,82,18,view,2022-07-06 22:27:14
668,7,11,click,2023-08-10 17:04:23
669,36,24,like,2023-09-21 22:48:10
670,6,1,view,2023-04-11 11:35:28
671,56,24,purchase,2022-03-07 07:37:01
672,67,13,like,2023-09-02 23:47:35
673,75,30,purchase,2022-10-10 11:22:49
674,5,49,view,2022-08-20 06:39:45
675,95,38,purchase,2023-08-11 17:29:32
676,44,48,like,2022-12-11 20:43:15
677,33,11,click,2022-12-15 10:27:16
678,82,8,click,2023-10-24 18:20:20
679,64,3,purchase,2023-09-21 12:53:42
680,17,3,like,2022-04-07 20:40:06
681,42,49,purchase,2023-06-16 11:00:38
682,32,27,view,2023-07-06 20:00:57
683,7,5,click,2023-08-31 17:02:33
684,5,35,like,2022-11-25 05:39:46
685,30,48,view,2022-06-01 20:53:43
686,53,5,click,2022-09-05 05:01:30
687,40,7,like,2023-07-10 03:48:59
688,12,21,like,2022-08-26 10:26:44
689,61,14,purchase,2023-10-15 05:22:43
690,45,4,like,2023-02-05 16:49:55
691,100,36,purchase,2023-10-04 10:42:30
692,81,27,view,2023-05-03 15:02:49
693,93,18,purchase,2023-01-20 07:05:06
694,74,29,purchase,2023-03-28 18:43:40
695,17,16,like,2022-06-05 02:38:09
696,43,47,purchase,2023-06-10 05:01:45
697,29,27,click,2022-04-06 10:42:08
698,97,44,click,2023-09-26 21:20:08
699,83,15,purchase,2022-08-26 23:37:07
700,88,32,view,2022-05-03 13:01:39
701,33,41,purchase,2022-05-05 16:05:53
702,87,14,like,2022-05-02 03:18:19
703,11,1,view,2022-03-13 10:57:13
704,50,29,click,2023-07-17 16:45:06
705,21,9,view,2022-07-16 06:30:00
706,52,41,view,2023-05-21 04:17:11
707,36,10,purchase,2023-06-25 17:05:39
708,28,45,click,2023-01-14 12:00:26
709,82,11,purchase,2023-01-01 03:11:55
710,86,9,view,2022-02-23 12:42:10
711,26,6,view,2022-08-19 07:13:38
712,61,50,like,2022-07-12 20:22:12
713,51,10,purchase,2022-12-10 06:46:48
714,45,31,click,2022-04-12 20:15:04
715,35,5,click,2023-09-18 14:08:31
716,97,38,purchase,2023-01-02 04:50:13
717,31,22,click,2022-06-18 08:59:12
718,83,44,click,2023-05-25 01:10:50
719,12,16,view,2022-12-09 06:29:07
720,52,25,like,2022-11-05 00:54:56
721,46,8,like,2022-08-16 08:20:51
722,76,42,view,2023-12-23 00:00:46
723,69,26,purchase,2022-01-15 08:02:04
724,32,38,purchase,2023-03-16 15:12:48
725,78,33,purchase,2022-07-05 07:43:30
726,93,21,like,2023-03-26 13:55:11
727,12,7,view,2023-12-06 23:55:56
728,23,26,click,2022-11-26 03:58:19
729,39,14,click,2022-09-03 04:45:33
730,17,33,like,2022-04-27 23:38:33
731,59,5,view,2023-02-19 13:20:40
732,92,37,purchase,2022-03-08 03:28:19
733,59,24,purchase,2022-03-05 14:07:24
734,66,3,click,2023-12-01 04:59:32
735,18,49,purchase,2022-12-13 09:18:03
736,29,35,view,2023-10-30 08:51:43
737,14,37,like,2023-11-23 01:07:53
738,12,9,purchase,2022-09-14 13:21:16
739,91,18,view,2023-10-28 05:31:33
740,25,8,view,2023-10-15 20:23:47
741,30,27,like,2022-01-27 22:23:12
742,97,15,like,2023-07-01 09:37:45
743,95,28,view,2023-01-01 16:47:04
744,2,21,purchase,2023-06-14 17:58:29
745,65,16,purchase,2022-05-02 06:02:31
746,2,17,click,2023-06-30 01:18:02
747,84,36,click,2023-04-14 09:36:18
748,37,15,view,2022-09-08 10:17:08
749,40,27,like,2023-10-29 14:42:40
750,47,17,like,2022-03-08 21:11:16
751,51,5,purchase,2022-06-13 12:48:52
752,35,34,click,2023-01-17 10:15:38
753,55,43,like,2023-06-17 02:11:34
754,29,10,like,2023-06-12 04:13:35
755,60,42,view,2022-12-29 16:41:47
756,43,32,like,2023-08-18 10:24:48
757,92,49,like,2022-06-21 22:58:22
758,32,6,click,2023-04-08 19:50:50
759,14,41,purchase,2023-05-03 23:24:54
760,29,42,purchase,2023-09-17 19:43:19
761,43,25,like,2023-07-23 09:30:48
762,78,27,view,2023-10-22 01:10:32
763,89,13,purchase,2023-07-27 00:40:03
764,89,29,view,2022-01-02 21:04:57
765,64,17,like,2023-06-19 10:58:17
766,3,24,purchase,2023-01-19 10:17:42
767,22,39,view,2022-11-05 11:47:53
768,91,26,like,2022-12-23 13:23:26
769,97,35,view,2022-12-24 00:35:25
770,36,46,like,2023-04-29 17:44:29
771,72,2,click,2023-11-29 05:08:06
772,78,46,like,2022-06-12 07:24:47
773,4,44,purchase,2023-03-08 12:56:53
774,85,35,like,2022-06-22 14:27:13
775,30,19,view,2023-06-11 07:52:32
776,77,4,click,2022-11-09 17:52:43
777,85,1,purchase,2023-09-15 03:46:15
778,96,35,like,2022-04-17 21:22:00
779,24,50,view,2023-01-31 06:11:35
780,27,7,view,2023-06-07 21:06:02
781,36,36,purchase,2023-09-18 08:57:04
782,64,31,purchase,2022-01-06 16:12:32
783,43,44,click,2023-02-07 02:21:52
784,96,43,click,2022-02-08 04:29:33
785,50,6,like,2022-03-07 10:22:42
786,54,32,view,2022-08-13 21:48:52
787,81,15,purchase,2022-03-26 06:45:27
788,80,20,click,2023-06-05 15:06:36
789,79,9,purchase,2022-03-10 13:51:01
790,90,39,click,2023-03-11 08:19:33
791,10,5,view,2022-03-12 03:54:25
792,20,45,purchase,2023-09-16 15:59:10
793,19,8,purchase,2022-05-22 00:51:12
794,89,29,view,2023-05-16 20:39:05
795,56,10,like,2023-10-14 04:26:23
796,84,25,click,2023-05-27 05:30:19
797,13,17,view,2022-10-17 09:13:50
798,70,25,click,2023-08-11 13:04:28
799,39,18,purchase,2023-09-05 10:09:13
800,46,47,purchase,2023-10-24 06:25:36
801,65,10,click,2022-06-24 17:49:31
802,55,18,view,2023-02-03 19:10:14
803,65,26,view,2023-12-28 19:53:19
804,49,11,purchase,2023-11-27 07:45:33
805,8,8,click,2023-03-18 14:23:12
806,84,50,purchase,2023-11-16 06:29:42
807,61,37,view,2022-08-01 07:18:37
808,37,50,click,2022-04-01 00:30:48
809,89,3,like,2022-01-02 22:50:38
810,75,31,purchase,2023-04-23 14:20:40
811,28,40,view,2023-04-19 06:48:39
812,84,13,like,2022-07-11 20:55:02
813,16,16,like,2023-07-21 07:09:48
814,65,9,view,2022-10-12 15:58:18
815,37,39,like,2022-02-10 21:17:34
816,26,14,like,2023-06-25 16:19:00
817,15,18,view,2023-08-21 07:53:55
818,97,22,purchase,2023-03-05 10:59:19
819,89,18,purchase,2022-12-27 21:01:55
820,43,5,purchase,2022-03-26 12:08:27
821,83,19,purchase,2022-06-29 04:20:40
822,31,25,purchase,2022-05-21 22:57:08
823,59,32,click,2022-01-19 05:43:49
824,10,32,purchase,2022-12-10 10:21:34
825,67,33,purchase,2023-09-11 12:11:29
826,92,21,purchase,2023-03-17 21:34:36
827,8,18,purchase,2023-08-29 09:31:35
828,81,14,view,2022-10-20 08:36:20
829,9,38,like,2023-10-02 02:24:29
830,19,11,purchase,2023-05-22 22:39:26
831,13,44,like,2023-05-15 23:43:23
832,38,6,view,2022-06-07 05:36:38
833,29,28,view,2022-07-04 16:55:38
834,8,45,view,2023-02-11 23:12:38
835,74,1,view,2023-03-26 16:32:41
836,96,21,click,2023-03-26 18:06:08
837,41,8,click,2023-11-24 22:28:40
838,68,4,click,2023-11-16 09:50:31
839,51,12,view,2023-07-05 08:45:58
840,32,32,view,2023-07-18 06:17:30
841,39,34,view,2023-01-10 14:10:36
842,74,26,purchase,2022-10-12 16:49:11
843,16,41,click,2023-11-19 13:28:08
844,16,9,like,2023-07-26 15:04:20
845,76,15,purchase,2022-10-16 16:10:21
846,58,50,like,2022-12-10 10:52:45
847,3,46,like,2023-02-09 09:42:05
848,66,40,like,2022-06-03 15:41:14
849,96,21,purchase,2022-02-25 07:05:17
850,6,29,view,2023-09-04 10:59:47
851,12,5,like,2023-05-25 07:54:13
852,26,31,purchase,2023-04-21 22:09:42
853,38,25,view,2023-02-03 16:48:35
854,37,12,view,2022-06-25 12:07:03
855,7,29,click,2022-07-06 18:10:54
856,30,30,like,2023-02-11 07:23:00
857,18,44,purchase,2022-05-26 07:22:13
858,51,42,click,2022-11-03 16:30:46
859,97,25,click,2023-09-02 20:40:10
860,58,5,click,2023-02-16 15:17:45
861,42,43,purchase,2023-01-26 21:00:12
862,55,17,like,2023-10-05 17:12:13
863,18,29,purchase,2023-04-30 10:32:39
864,74,13,purchase,2023-07-18 14:45:42
865,50,6,purchase,2023-01-29 00:40:02
866,3,8,purchase,2023-08-01 08:18:27
867,93,21,click,2022-04-20 08:40:06
868,68,14,purchase,2022-02-05 00:33:43
869,99,47,click,2023-08-06 20:53:02
870,3,35,like,2023-10-17 21:41:34
871,95,34,click,2022-01-05 05:45:32
872,59,41,click,2023-12-13 07:05:45
873,65,48,view,2022-07-10 12:18:19
874,40,10,click,2022-09-07 23:55:28
875,46,35,like,2023-02-07 20:54:15
876,34,21,purchase,2023-03-29 11:25:10
877,100,32,like,2022-06-11 01:20:55
878,78,45,click,2022-08-26 11:56:03
879,6,41,view,2022-12-09 03:00:08
880,94,20,purchase,2023-02-20 01:15:15
881,98,12,like,2023-04-28 15:08:13
882,27,22,like,2023-01-19 16:55:25
883,48,14,click,2023-08-06 20:14:39
884,15,43,view,2022-07-10 13:45:05
885,86,4,view,2022-03-18 15:08:16
886,82,19,like,2022-05-07 14:10:47
887,14,2,purchase,2023-03-14 18:46:09
888,74,40,view,2023-06-24 01:47:07
889,22,28,purchase,2023-01-15 15:32:36
890,1,47,view,2023-01-19 04:18:05
891,65,46,like,2023-08-10 18:38:23
892,89,47,view,2023-07-13 11:20:08
893,99,44,purchase,2022-06-12 20:35:19
894,31,34,like,2022-05-22 19:06:21
895,85,25,purchase,2023-11-05 03:53:21
896,52,13,like,2022-02-16 13:37:53
897,20,50,purchase,2023-08-08 06:49:39
898,55,15,view,2023-11-23 08:14:34
899,58,23,click,2022-03-17 11:17:45
900,45,23,view,2022-08-15 21:59:38
901,40,46,like,2023-12-02 22:56:18
902,33,18,purchase,2023-09-04 16:43:43
903,54,17,like,2022-06-08 08:54:56
904,89,36,view,2022-09-14 15:02:33
905,63,39,view,2022-05-08 13:03:06
906,80,27,view,2022-12-08 17:08:52
907,42,50,click,2022-12-10 15:37:11
908,70,3,like,2023-06-27 17:01:02
909,35,29,view,2022-02-26 18:56:49
910,92,20,purchase,2022-05-01 06:41:15
911,62,39,like,2023-12-25 08:42:40
912,90,6,like,2022-07-23 20:04:05
913,18,27,purchase,2022-09-26 20:35:33
914,15,11,click,2022-04-10 13:04:49
915,38,49,like,2022-09-20 11:02:47
916,82,23,like,2022-01-23 09:16:59
917,50,23,like,2023-02-26 20:19:02
918,54,49,purchase,2023-04-23 14:05:26
919,14,41,purchase,2023-09-17 15:32:13
920,3,29,click,2022-05-26 17:36:16
921,12,44,view,2022-10-01 06:50:37
922,91,13,purchase,2023-10-08 10:01:52
923,82,9,purchase,2022-01-21 23:39:51
924,32,30,click,2023-05-05 22:11:43
925,21,3,view,2022-04-11 19:39:26
926,85,9,click,2022-11-25 10:16:05
927,11,29,purchase,2022-05-09 10:17:38
928,43,30,like,2022-10-24 16:19:16
929,23,31,view,2023-08-22 13:24:49
930,77,41,view,2022-12-02 07:02:18
931,11,7,purchase,2022-06-18 11:28:30
932,57,19,click,2023-06-21 01:15:57
933,87,28,view,2022-12-02 06:50:29
934,27,49,view,2023-05-03 20:20:35
935,51,39,purchase,2023-03-06 21:16:37
936,95,46,like,2022-11-20 19:47:04
937,18,2,like,2022-01-04 04:36:40
938,83,38,like,2022-10-11 07:11:16
939,33,33,purchase,2023-08-28 15:05:31
940,8,42,view,2022-03-03 13:36:07
941,86,16,like,2022-01-31 08:06:00
942,66,16,click,2022-07-04 00:26:20
943,53,2,purchase,2023-06-05 07:26:04
944,19,38,purchase,2023-10-20 18:08:08
945,69,30,purchase,2023-12-02 20:39:17
946,83,14,purchase,2022-12-08 08:20:03
947,66,25,click,2023-09-16 18:19:28
948,21,45,like,2023-10-22 22:44:56
949,15,5,view,2023-05-13 13:32:50
950,19,3,like,2023-01-08 13:07:24
951,38,14,click,2022-11-05 08:49:22
952,13,30,click,2022-07-27 15:46:31
953,87,40,view,2022-05-29 23:24:10
954,31,46,click,2023-02-20 17:59:53
955,80,33,like,2022-06-09 04:21:51
956,89,30,like,2023-08-11 00:29:40
957,55,43,view,2022-12-30 09:31:35
958,56,47,like,2023-11-28 12:36:54
959,2,39,view,2022-12-06 00:16:23
960,14,32,click,2022-03-09 21:54:30
961,10,50,view,2022-12-06 03:50:59
962,61,16,like,2023-12-26 08:31:14
963,31,45,purchase,2023-10-28 14:27:13
964,59,45,purchase,2022-07-17 18:53:47
965,59,28,purchase,2022-02-17 04:14:02
966,52,31,purchase,2022-09-29 12:31:45
967,17,4,view,2022-11-23 04:34:27
968,84,43,view,2022-11-20 14:21:28
969,52,9,click,2023-04-16 00:38:13
970,99,38,click,2023-11-03 08:07:24
971,30,28,view,2023-05-01 10:15:22
972,32,16,purchase,2022-07-22 07:18:33
973,38,11,purchase,2022-10-24 23:15:58
974,84,34,purchase,2023-04-25 20:01:46
975,15,45,view,2022-08-29 19:19:16
976,33,50,like,2023-07-24 16:59:26
977,88,33,click,2022-06-12 15:51:29
978,67,39,view,2023-10-11 11:32:07
979,7,21,purchase,2023-06-12 05:49:33
980,70,34,like,2022-05-20 01:44:57
981,94,28,like,2022-11-17 00:57:30
982,64,14,purchase,2023-11-07 13:58:14
983,91,39,like,2022-05-12 18:14:27
984,51,3,click,2022-02-25 15:06:55
985,8,30,view,2022-11-29 17:15:03
986,35,11,like,2023-07-01 10:48:25
987,7,21,like,2023-12-30 21:04:18
988,72,42,click,2023-03-09 06:12:19
989,17,50,like,2023-10-08 07:42:07
990,3,28,view,2022-03-07 07:57:20
991,18,10,click,2023-09-18 22:35:42
992,74,18,like,2022-06-30 22:17:57
993,73,26,view,2022-11-16 18:24:06
994,29,41,click,2023-04-17 21:17:22
995,35,12,view,2022-03-18 12:44:15
996,86,19,view,2023-10-03 03:40:32
997,66,33,like,2022-09-30 12:32:25
998,5,20,like,2022-12-28 09:05:58
999,7,9,click,2023-06-06 02:08:15
1000,44,16,view,2023-06-01 15:03:24
1001,4,33,like,2023-11-09 05:45:15
1002,95,16,click,2022-04-27 00:15:24
1003,27,8,purchase,2023-12-06 04:42:12
1004,58,12,like,2022-08-09 09:04:59
1005,24,34,purchase,2023-12-13 21:02:08
1006,97,32,like,2022-12-22 03:43:37
1007,87,29,view,2023-08-06 08:54:01
1008,35,21,click,2022-07-03 03:01:26
1009,11,45,like,2022-12-02 01:24:54
1010,91,28,view,2022-03-03 08:12:06
1011,50,2,purchase,2023-05-09 11:18:52
1012,2,11,click,2023-06-27 16:09:59
1013,36,27,view,2023-11-23 14:27:02
1014,44,6,like,2023-02-24 05:41:28
1015,89,49,click,2023-06-28 10:03:30
1016,8,50,view,2023-07-19 02:03:02
1017,4,11,like,2023-07-06 04:44:27
1018,82,29,purchase,2023-04-18 20:06:35
1019,4,49,like,2023-02-01 20:15:19
1020,88,27,like,2023-08-31 08:42:52
1021,73,32,view,2022-10-23 17:49:51
1022,54,48,click,2023-04-20 17:39:21
1023,86,34,purchase,2022-07-29 12:40:31
1024,59,14,purchase,2022-12-19 10:45:40
1025,94,25,purchase,2022-05-02 08:21:09
1026,82,12,view,2023-03-31 19:55:43
1027,60,40,like,2022-04-21 03:45:05
1028,7,40,purchase,2023-11-23 03:20:46
1029,41,8,view,2022-12-16 02:01:29
1030,22,48,view,2023-11-03 15:13:18
1031,15,17,purchase,2023-12-26 05:17:16
1032,77,37,purchase,2022-10-17 19:16:15
1033,68,39,purchase,2023-07-13 09:30:37
1034,5,17,view,2023-01-23 11:51:58
1035,17,38,purchase,2022-03-11 07:06:01
1036,100,15,purchase,2022-10-04 07:58:37
1037,28,50,view,2022-08-12 13:03:53
1038,12,36,view,2023-11-27 17:47:28
1039,58,23,purchase,2023-11-21 09:59:43
1040,45,24,click,2022-12-26 00:42:59
1041,40,23,click,2023-05-14 04:27:47
1042,32,14,purchase,2023-07-01 03:23:37
1043,37,11,view,2022-11-20 15:01:07
1044,75,29,purchase,2022-12-20 08:17:56
1045,65,5,purchase,2022-12-13 00:40:32
1046,72,50,like,2023-11-03 07:28:04
1047,71,4,click,2022-09-07 19:06:01
1048,78,38,like,2023-06-05 23:56:51
1049,47,3,click,2023-04-28 02:56:08
1050,97,4,purchase,2023-05-22 09:17:57
1051,30,8,purchase,2023-11-12 08:41:07
1052,81,1,click,2023-05-26 04:58:38
1053,52,18,like,2023-01-18 20:26:15
1054,5,5,purchase,2022-08-12 10:48:41
1055,79,49,click,2023-09-08 12:55:40
1056,31,7,view,2022-05-22 17:26:43
1057,94,1,view,2022-04-14 03:45:25
1058,94,9,purchase,2022-08-11 21:10:44
1059,84,11,click,2022-08-20 17:39:27
1060,36,30,view,2022-07-18 06:54:08
1061,81,9,purchase,2023-01-25 22:57:31
1062,66,9,like,2023-05-03 04:17:36
1063,60,23,purchase,2022-09-26 19:40:37
1064,40,49,click,2022-04-20 12:37:39
1065,85,16,purchase,2022-02-08 06:33:43
1066,80,48,like,2022-03-23 18:23:51
1067,99,6,view,2023-01-04 14:59:38
1068,49,19,view,2023-03-10 10:39:41
1069,46,1,click,2022-02-16 19:14:02
1070,64,47,view,2023-02-14 22:05:21
1071,20,27,view,2023-03-27 14:06:41
1072,77,28,like,2022-11-09 04:12:11
1073,3,15,like,2023-10-05 11:50:22
1074,50,43,view,2022-10-19 12:58:13
1075,74,33,view,2022-08-11 01:13:58
1076,49,4,click,2023-03-15 06:07:46
1077,69,17,like,2022-03-11 08:41:38
1078,35,13,like,2023-04-23 15:23:17
1079,35,1,click,2023-12-14 16:36:50
1080,55,50,view,2023-09-02 09:28:52
1081,25,41,like,2023-08-06 01:48:41
1082,30,38,purchase,2023-12-18 22:21:35
1083,41,50,click,2023-05-05 16:36:47
1084,2,44,purchase,2022-11-17 22:25:58
1085,54,48,purchase,2022-03-20 10:16:07
1086,67,25,click,2022-01-28 02:18:49
1087,53,46,click,2023-05-15 06:03:43
1088,51,27,view,2023-07-28 13:38:40
1089,18,34,view,2023-01-28 21:08:11
1090,86,37,click,2023-11-23 03:10:29
1091,93,42,view,2022-09-28 00:54:37
1092,61,9,click,2023-02-06 01:12:40
1093,23,28,view,2023-07-18 01:19:18
1094,67,26,purchase,2023-09-05 01:00:48
1095,44,7,view,2023-11-05 23:12:55
1096,73,7,click,2022-02-04 01:49:17
1097,68,48,purchase,2022-11-22 01:27:29
1098,36,49,like,2022-12-05 18:35:38
1099,81,33,view,2023-06-20 15:40:19
1100,69,15,click,2023-01-15 00:46:59
1101,49,24,like,2022-11-17 16:12:56
1102,97,36,view,2023-07-01 17:44:05
1103,16,18,click,2023-10-05 14:08:05
1104,48,12,view,2023-10-06 00:51:51
1105,69,9,purchase,2022-06-05 04:27:48
1106,41,4,view,2023-07-09 09:50:39
1107,83,50,like,2023-11-11 00:09:51
1108,44,44,purchase,2022-04-12 09:32:24
1109,71,24,click,2023-11-28 20:49:08
1110,32,7,click,2023-03-28 08:17:01
1111,27,3,like,2022-08-31 02:24:55
1112,23,11,purchase,2022-03-25 13:19:45
1113,8,9,purchase,2023-12-05 10:48:42
1114,58,11,click,2023-02-12 20:36:46
1115,75,49,view,2023-02-19 09:45:29
1116,7,18,like,2022-05-24 05:21:52
1117,3,11,click,2023-01-21 14:34:41
1118,69,43,like,2023-05-05 02:22:07
1119,59,43,click,2023-04-25 05:15:38
1120,30,25,like,2022-06-20 10:29:21
1121,26,41,click,2023-02-21 16:07:17
1122,100,47,like,2022-08-31 01:28:19
1123,31,50,like,2023-02-14 13:51:15
1124,1,41,view,2022-01-17 23:16:05
1125,63,1,view,2022-04-24 20:02:15
1126,57,16,purchase,2023-03-26 15:02:43
1127,5,22,purchase,2023-11-17 16:23:40
1128,3,10,purchase,2022-05-19 18:14:18
1129,6,14,purchase,2023-11-29 07:39:33
1130,100,5,click,2023-05-10 19:35:14
1131,30,11,purchase,2022-12-16 19:50:57
1132,13,11,view,2023-06-24 12:05:12
1133,47,10,purchase,2022-04-19 00:14:56
1134,64,33,view,2022-07-27 07:14:42
1135,25,43,view,2023-06-09 11:32:04
1136,49,13,like,2022-01-08 16:13:34
1137,30,11,purchase,2023-03-14 18:57:34
1138,90,26,like,2023-08-10 21:26:51
1139,38,46,purchase,2022-06-10 12:04:00
1140,20,34,like,2022-03-25 18:18:03
1141,59,47,like,2023-01-15 17:45:16
1142,33,24,like,2023-05-26 14:05:13
1143,36,12,like,2023-03-01 20:08:48
1144,84,50,purchase,2022-11-25 04:52:10
1145,83,29,view,2022-03-31 15:41:03
1146,42,19,purchase,2023-01-03 10:42:37
1147,75,46,purchase,2022-12-12 17:36:22
1148,99,42,view,2022-04-03 05:35:40
1149,91,35,view,2023-12-26 12:45:05
1150,93,38,click,2023-06-12 13:13:02
1151,84,4,like,2023-06-17 13:33:42
1152,6,50,view,2023-07-24 21:20:13
1153,20,29,purchase,2022-10-14 06:49:52
1154,57,12,click,2022-02-10 05:33:09
1155,31,27,view,2023-04-27 20:39:03
1156,17,2,click,2022-10-08 02:59:34
1157,2,17,like,2022-05-05 01:46:26
1158,61,41,like,2022-01-12 19:35:31
1159,53,22,view,2022-07-05 15:57:37
1160,76,30,purchase,2023-09-22 17:20:16
1161,22,10,view,2023-01-17 17:29:49
1162,32,4,like,2022-11-06 00:38:04
1163,35,50,purchase,2022-01-17 17:44:20
1164,7,30,like,2023-09-08 08:31:03
1165,1,13,purchase,2022-02-08 15:32:29
1166,28,22,purchase,2022-07-04 13:32:53
1167,44,2,purchase,2022-02-24 03:33:24
1168,16,40,like,2023-12-14 08:47:53
1169,63,1,click,2022-03-04 07:37:48
1170,57,35,view,2022-07-17 21:00:34
1171,12,27,like,2023-11-04 02:43:32
1172,13,28,view,2023-07-04 21:42:07
1173,16,4,purchase,2022-10-23 20:40:40
1174,12,12,purchase,2022-06-20 19:41:31
1175,69,33,click,2022-12-17 14:27:44
1176,27,23,view,2022-02-22 09:23:55
1177,71,11,like,2023-09-26 15:27:42
1178,31,18,click,2023-06-26 00:04:37
1179,36,33,like,2023-12-18 13:04:55
1180,14,12,like,2022-01-07 19:41:25
1181,59,45,click,2022-08-10 11:21:40
1182,2,19,view,2023-01-01 11:25:36
1183,13,9,click,2023-08-30 16:18:07
1184,13,35,like,2023-05-22 05:52:06
1185,16,35,click,2022-12-19 00:07:11
1186,36,29,purchase,2022-06-27 13:31:34
1187,45,34,like,2022-06-23 11:37:58
1188,5,14,click,2022-08-24 03:13:51
1189,49,41,purchase,2022-12-25 16:43:25
1190,47,10,like,2022-11-29 06:14:51
1191,48,13,view,2023-09-14 01:02:57
1192,83,29,view,2022-03-01 06:18:23
1193,89,39,purchase,2023-05-10 14:56:44
1194,95,25,like,2022-05-18 12:19:03
1195,28,9,purchase,2023-02-21 01:19:48
1196,69,2,view,2022-02-23 15:32:35
1197,24,15,purchase,2022-06-26 15:40:14
1198,26,26,like,2022-07-29 21:39:31
1199,90,10,view,2023-01-17 09:25:08
1200,24,18,click,2023-04-01 06:12:35
1201,63,5,view,2022-12-10 00:04:27
1202,59,28,like,2023-09-12 19:50:32
1203,71,4,view,2023-01-26 07:57:27
1204,60,5,view,2022-08-23 22:39:12
1205,14,32,like,2023-10-11 03:41:18
1206,91,45,purchase,2023-06-01 13:56:40
1207,7,40,like,2023-06-02 18:09:30
1208,85,18,click,2022-07-21 15:00:23
1209,20,13,click,2023-07-10 07:59:34
1210,7,24,view,2022-09-25 07:38:19
1211,94,47,view,2022-08-08 05:54:04
1212,84,11,click,2022-05-02 14:32:24
1213,18,7,click,2023-11-28 15:39:36
1214,4,23,view,2023-06-21 23:46:04
1215,28,20,like,2023-10-11 09:13:00
1216,46,27,view,2022-09-22 07:29:03
1217,40,4,purchase,2022-02-25 04:48:22
1218,35,39,purchase,2023-10-16 10:26:00
1219,63,19,purchase,2023-12-28 01:22:42
1220,22,20,purchase,2023-05-11 20:17:25
1221,17,31,click,2022-10-24 00:20:23
1222,48,14,like,2023-04-30 18:20:50
1223,87,36,view,2023-06-29 17:54:33
1224,70,16,purchase,2023-12-03 18:01:05
1225,62,43,purchase,2022-11-07 05:14:07
1226,65,38,click,2023-04-22 16:20:11
1227,30,5,purchase,2023-05-02 19:02:57
1228,29,31,purchase,2022-12-08 06:00:41
1229,56,6,click,2022-03-07 02:47:20
1230,28,47,click,2023-03-10 01:24:48
1231,34,45,purchase,2022-04-29 06:21:15
1232,14,31,purchase,2023-01-30 02:23:01
1233,26,15,like,2023-11-16 02:48:16
1234,64,30,like,2022-04-27 01:12:03
1235,87,45,like,2022-09-17 03:01:30
1236,76,21,view,2022-02-02 14:19:51
1237,77,19,like,2023-10-30 00:43:27
1238,90,19,view,2022-06-17 05:35:21
1239,16,22,click,2022-09-03 17:21:38
1240,32,4,purchase,2023-07-26 21:57:10
1241,76,2,view,2023-09-07 12:18:47
1242,94,45,purchase,2023-08-15 01:32:48
1243,62,20,purchase,2022-05-19 12:28:19
1244,95,37,click,2023-11-06 12:25:02
1245,45,35,view,2022-09-20 09:13:25
1246,73,28,view,2022-05-10 04:51:02
1247,32,41,like,2023-03-17 08:52:36
1248,8,50,like,2022-11-24 02:28:38
1249,92,49,view,2022-04-28 04:57:16
1250,23,46,purchase,2022-12-04 08:04:38
1251,65,6,view,2023-07-13 22:58:30
1252,82,14,click,2023-10-30 11:42:31
1253,65,4,click,2022-04-30 17:24:04
1254,98,17,click,2022-05-14 04:49:46
1255,68,37,purchase,2022-02-05 06:07:24
1256,34,19,view,2022-02-12 17:14:51
1257,49,10,like,2022-06-04 06:23:55
1258,60,19,click,2022-08-21 06:28:16
1259,5,20,view,2023-03-28 01:18:05
1260,86,6,purchase,2023-04-09 14:42:51
1261,94,25,purchase,2023-06-08 14:35:07
1262,41,50,like,2022-05-12 08:19:01
1263,87,27,view,2022-11-10 19:15:39
1264,67,14,click,2023-11-05 02:49:39
1265,37,41,view,2022-03-20 12:21:29
1266,81,34,like,2023-11-10 12:33:49
1267,7,48,like,2022-03-05 13:12:14
1268,83,48,like,2023-01-12 06:35:41
1269,73,38,view,2023-02-27 05:21:46
1270,17,27,view,2022-04-25 06:21:28
1271,92,43,like,2022-11-26 08:58:52
1272,2,10,like,2023-03-24 20:53:42
1273,63,43,view,2023-11-07 02:15:31
1274,70,2,purchase,2022-05-08 00:44:23
1275,41,38,view,2023-11-23 20:18:22
1276,78,16,click,2023-08-13 05:19:05
1277,67,46,purchase,2023-03-08 02:03:02
1278,69,45,view,2023-02-07 10:08:06
1279,61,20,purchase,2022-03-14 04:09:27
1280,92,26,view,2022-01-15 16:02:07
1281,76,27,click,2022-03-12 12:04:01
1282,5,42,purchase,2022-12-24 16:20:32
1283,94,23,click,2023-12-22 13:23:22
1284,43,3,view,2022-06-17 18:51:09
1285,17,17,like,2022-07-18 01:53:28
1286,46,34,like,2023-06-04 07:32:41
1287,30,7,click,2022-04-05 09:10:33
1288,24,16,purchase,2023-11-01 15:13:31
1289,29,14,like,2023-11-21 14:01:45
1290,20,31,purchase,2023-08-16 01:27:58
1291,96,49,click,2022-10-12 09:15:03
1292,66,38,like,2023-11-21 22:36:48
1293,3,37,view,2023-01-14 17:40:55
1294,37,42,view,2022-09-12 20:23:53
1295,88,45,like,2022-09-22 08:38:55
1296,57,3,like,2023-06-07 00:04:37
1297,81,14,like,2023-10-16 04:01:16
1298,77,45,view,2023-11-01 22:05:22
1299,43,6,click,2022-09-10 03:43:39
1300,25,49,view,2023-03-13 22:53:23
1301,59,26,like,2023-06-26 06:32:17
1302,65,26,purchase,2022-11-11 10:33:37
1303,5,3,like,2022-07-02 18:24:40
1304,96,5,purchase,2023-03-02 06:01:39
1305,80,4,like,2022-03-23 16:03:51
1306,82,47,click,2023-02-05 01:34:07
1307,77,2,purchase,2023-06-21 17:26:22
1308,99,45,like,2023-08-22 00:43:42
1309,86,29,click,2023-04-18 19:38:11
1310,39,29,purchase,2023-05-09 12:45:08
1311,10,14,like,2022-06-03 16:13:32
1312,4,10,click,2022-08-27 08:52:49
1313,56,28,purchase,2022-02-25 18:22:11
1314,28,42,click,2022-09-29 10:57:57
1315,94,9,click,2023-08-18 07:14:31
1316,16,4,click,2023-03-30 23:55:31
1317,92,36,click,2022-08-04 22:45:05
1318,25,32,click,2023-09-06 03:22:28
1319,39,3,click,2023-03-27 04:47:32
1320,39,15,like,2022-01-11 22:29:47
1321,68,48,click,2022-07-05 10:13:08
1322,95,44,click,2023-12-07 13:50:03
1323,44,47,purchase,2022-02-07 21:11:58
1324,15,29,like,2022-07-27 01:49:57
1325,84,6,like,2022-12-31 00:57:21
1326,71,24,like,2023-10-03 19:18:34
1327,3,17,purchase,2023-10-01 03:00:58
1328,89,33,click,2023-03-31 20:54:42
1329,41,22,view,2022-11-18 11:03:02
1330,45,13,click,2022-02-05 04:26:58
1331,68,47,view,2023-11-18 13:23:45
1332,92,32,like,2022-04-17 15:05:11
1333,12,23,click,2022-07-12 22:34:08
1334,99,49,click,2022-06-17 19:57:13
1335,25,33,like,2022-02-05 15:52:25
1336,10,15,like,2023-10-10 13:59:08
1337,61,25,view,2023-05-29 17:24:50
1338,36,19,purchase,2023-08-14 16:25:50
1339,63,30,like,2022-02-17 03:44:14
1340,46,15,view,2022-05-27 17:16:11
1341,66,29,view,2023-06-25 22:44:35
1342,74,24,view,2022-01-29 19:36:22
1343,37,24,like,2022-02-06 09:50:57
1344,37,8,view,2023-02-19 22:51:09
1345,80,48,view,2022-10-25 20:18:46
1346,35,25,like,2023-12-26 02:05:37
1347,2,28,like,2022-05-12 14:34:39
1348,99,25,view,2022-03-30 23:46:42
1349,76,28,view,2022-12-24 14:06:07
1350,49,6,like,2023-10-23 06:49:17
1351,85,24,purchase,2023-12-18 12:41:26
1352,85,38,view,2023-08-28 15:15:57
1353,58,7,purchase,2023-10-27 09:20:38
1354,26,21,purchase,2022-10-22 13:48:06
1355,3,16,like,2022-05-30 06:59:50
1356,14,41,click,2022-11-22 13:56:39
1357,5,31,like,2023-02-12 01:30:43
1358,36,4,click,2023-05-25 02:34:42
1359,48,25,purchase,2023-10-20 10:24:29
1360,39,42,click,2023-08-12 18:25:30
1361,33,8,purchase,2023-02-03 04:05:18
1362,65,13,view,2022-08-20 13:36:16
1363,94,14,view,2023-07-09 02:36:30
1364,85,48,click,2023-01-06 11:35:52
1365,67,42,click,2023-06-23 14:15:18
1366,62,36,click,2023-11-12 01:46:44
1367,3,36,view,2022-02-07 05:08:15
1368,98,50,click,2022-11-29 21:39:19
1369,8,31,view,2023-09-10 12:33:09
1370,80,41,click,2022-04-18 18:03:25
1371,40,34,click,2023-09-12 04:01:04
1372,8,47,view,2023-02-13 07:33:35
1373,50,11,view,2023-01-07 03:37:26
1374,12,12,click,2023-07-20 23:10:12
1375,36,37,purchase,2022-07-21 21:20:03
1376,57,42,like,2022-03-22 10:44:00
1377,41,27,view,2022-11-03 00:45:24
1378,41,37,view,2022-05-10 15:33:17
1379,28,50,click,2023-11-04 09:20:56
1380,5,19,like,2022-05-08 21:41:49
1381,52,48,purchase,2022-06-14 22:19:05
1382,51,21,like,2022-02-23 21:20:09
1383,59,17,purchase,2023-07-07 17:18:04
1384,86,42,like,2023-06-22 21:42:33
1385,75,24,click,2023-12-17 12:06:12
1386,83,24,view,2023-12-03 11:33:28
1387,85,11,click,2022-11-10 13:24:40
1388,36,13,view,2023-11-21 04:22:43
1389,62,8,purchase,2023-04-26 06:21:14
1390,48,1,click,2023-06-26 16:17:09
1391,56,38,click,2023-05-30 06:04:33
1392,47,38,purchase,2022-01-05 08:48:29
1393,74,27,like,2023-07-29 03:47:36
1394,1,1,purchase,2023-07-05 18:06:34
1395,23,46,click,2023-08-12 14:02:28
1396,29,6,view,2022-05-20 02:22:44
1397,53,10,like,2022-06-28 20:30:51
1398,71,27,purchase,2023-03-15 16:00:40
1399,41,16,view,2023-08-25 05:29:29
1400,18,47,like,2022-08-31 23:08:39
1401,88,15,purchase,2022-08-04 03:50:20
1402,5,20,view,2023-03-04 08:33:52
1403,44,4,click,2023-10-07 22:30:56
1404,37,4,like,2022-07-31 12:58:36
1405,86,5,like,2023-04-16 06:11:15
1406,82,41,like,2023-10-19 21:39:01
1407,97,34,purchase,2022-08-12 09:30:56
1408,16,2,view,2022-08-22 11:55:19
1409,42,48,purchase,2022-11-23 19:33:06
1410,40,12,purchase,2022-02-24 22:43:03
1411,25,9,like,2023-07-17 09:37:39
1412,68,15,view,2023-10-11 18:38:24
1413,29,6,click,2022-08-08 14:26:34
1414,31,45,purchase,2022-03-19 15:38:33
1415,43,17,view,2022-10-06 05:38:06
1416,22,21,click,2022-10-14 21:54:53
1417,75,39,like,2023-01-29 10:04:07
1418,52,23,click,2022-04-20 23:00:23
1419,44,5,view,2023-03-05 18:49:54
1420,60,14,view,2023-10-02 16:47:24
1421,36,48,purchase,2023-10-28 06:06:23
1422,100,46,click,2023-04-09 20:19:32
1423,57,16,purchase,2023-08-24 04:07:14
1424,21,16,purchase,2023-02-16 08:46:19
1425,43,39,like,2023-11-22 01:56:49
1426,46,10,view,2022-06-23 20:26:06
1427,81,29,like,2023-09-10 10:41:27
1428,56,24,view,2023-08-30 13:22:06
1429,24,16,view,2022-08-14 17:02:03
1430,37,23,purchase,2022-04-03 23:12:56
1431,8,20,like,2023-12-12 13:31:02
1432,89,48,purchase,2022-07-28 21:11:00
1433,80,1,like,2022-05-05 13:30:35
1434,49,49,like,2023-01-10 04:10:03
1435,78,22,view,2023-06-26 19:14:10
1436,33,28,view,2023-11-12 09:36:59
1437,49,4,click,2022-08-25 13:05:48
1438,14,29,like,2023-11-10 18:49:28
1439,10,24,click,2023-06-05 07:43:23
1440,22,27,purchase,2023-03-28 19:05:48
1441,39,6,click,2022-01-13 20:23:13
1442,80,5,purchase,2022-08-29 03:15:02
1443,19,29,view,2022-03-30 10:29:50
1444,59,14,purchase,2022-02-08 03:09:35
1445,84,33,like,2023-08-03 09:57:11
1446,12,44,view,2022-01-10 07:08:58
1447,21,30,click,2022-06-16 15:27:25
1448,32,15,purchase,2023-09-28 14:23:42
1449,42,21,view,2022-09-16 04:13:38
1450,52,4,view,2023-07-03 23:54:39
1451,64,18,click,2023-07-18 14:06:38
1452,74,31,like,2022-04-10 16:31:58
1453,4,26,like,2023-08-05 03:53:19
1454,43,39,view,2022-10-21 23:11:23
1455,53,50,view,2023-04-20 09:30:56
1456,17,48,view,2022-01-05 17:50:34
1457,15,40,purchase,2022-04-17 00:19:48
1458,92,32,click,2023-04-01 13:50:28
1459,41,38,view,2022-01-28 21:40:52
1460,96,18,view,2022-04-04 13:04:20
1461,75,35,click,2022-03-31 07:01:04
1462,97,33,like,2023-02-08 02:36:45
1463,87,6,like,2023-06-04 18:17:27
1464,85,21,click,2022-05-01 09:02:45
1465,6,35,like,2023-01-18 17:02:29
1466,75,37,like,2023-12-23 01:41:59
1467,42,6,purchase,2022-03-10 20:45:10
1468,31,1,like,2022-04-05 22:40:41
1469,44,47,purchase,2022-03-11 06:12:09
1470,52,16,purchase,2022-05-23 05:54:59
1471,32,24,click,2022-02-12 19:34:28
1472,36,50,click,2022-06-20 13:12:24
1473,18,28,like,2023-10-10 12:21:37
1474,8,17,purchase,2022-08-29 00:23:52
1475,90,15,purchase,2022-05-27 18:43:28
1476,77,18,click,2022-10-16 23:33:12
1477,53,24,click,2022-11-19 16:05:00
1478,56,9,like,2022-05-30 14:15:17
1479,50,28,view,2023-08-30 15:53:27
1480,62,4,view,2022-06-15 00:06:59
1481,21,44,like,2023-12-10 16:07:23
1482,80,5,view,2023-04-21 07:22:42
1483,77,48,view,2023-04-10 19:35:58
1484,89,8,click,2023-09-23 09:35:51
1485,79,8,click,2023-10-23 17:56:47
1486,94,7,like,2023-03-15 02:48:16
1487,25,17,click,2023-03-23 01:28:13
1488,56,30,click,2022-10-24 14:35:15
1489,12,43,purchase,2023-03-20 19:43:06
1490,17,26,view,2023-04-29 23:38:45
1491,10,3,purchase,2022-08-02 04:42:45
1492,1,36,click,2023-08-10 10:29:46
1493,34,25,purchase,2022-02-15 08:19:19
1494,73,37,view,2023-03-02 09:45:37
1495,74,23,purchase,2023-03-18 01:31:00
1496,39,45,purchase,2023-11-13 04:21:02
1497,35,49,like,2022-09-09 23:41:17
1498,64,43,purchase,2023-12-08 10:16:06
1499,89,1,purchase,2023-11-11 07:12:32
1500,4,29,purchase,2022-01-27 01:58:46
1501,91,8,like,2022-04-04 16:31:45
1502,20,27,view,2023-10-04 17:53:14
1503,23,26,click,2022-12-25 19:46:06
1504,76,12,click,2023-06-05 01:26:15
1505,77,16,purchase,2022-02-09 21:48:43
1506,78,49,click,2023-12-07 03:58:09
1507,43,37,like,2022-05-27 08:36:34
1508,88,41,click,2022-08-04 08:47:26
1509,35,3,purchase,2023-03-21 19:21:47
1510,5,9,like,2023-05-21 16:57:19
1511,84,19,click,2023-12-26 19:40:06
1512,68,21,view,2023-06-07 19:49:05
1513,53,27,click,2023-09-23 18:53:47
1514,11,30,view,2023-08-27 15:55:11
1515,99,7,click,2022-03-24 15:12:01
1516,96,6,view,2023-12-27 14:05:46
1517,26,10,view,2023-11-20 21:19:03
1518,69,35,purchase,2022-11-15 18:06:37
1519,69,16,purchase,2023-05-30 06:02:39
1520,47,6,view,2022-09-03 14:42:36
1521,41,17,click,2023-02-04 04:49:55
1522,32,49,like,2023-06-16 06:10:40
1523,100,44,purchase,2023-11-25 23:39:20
1524,62,36,view,2022-03-16 08:13:05
1525,39,40,view,2022-12-16 22:06:32
1526,57,16,click,2022-04-29 00:28:12
1527,59,48,like,2023-11-18 03:59:39
1528,44,39,like,2022-09-05 08:36:21
1529,49,43,like,2023-09-15 18:05:16
1530,73,13,view,2023-01-07 12:29:41
1531,93,14,click,2022-06-29 09:40:49
1532,100,39,view,2022-02-22 06:11:58
1533,56,6,view,2023-07-24 10:51:28
1534,7,23,view,2022-07-14 20:03:53
1535,37,39,view,2023-06-16 18:37:11
1536,95,12,view,2023-12-03 14:00:50
1537,58,50,click,2022-07-03 17:49:45
1538,85,31,purchase,2022-03-20 00:56:23
1539,83,11,view,2023-09-24 14:44:59
1540,64,19,click,2023-01-11 03:50:25
1541,77,39,purchase,2023-01-09 13:48:48
1542,21,37,like,2023-04-03 11:40:42
1543,81,46,click,2023-07-08 20:53:43
1544,51,12,view,2023-07-08 02:15:10
1545,55,30,click,2022-12-28 20:40:36
1546,48,40,view,2023-11-18 13:51:21
1547,75,37,purchase,2022-01-26 09:34:36
1548,89,2,like,2023-08-17 20:32:30
1549,72,13,view,2022-08-12 13:45:57
1550,79,2,view,2023-12-25 19:00:16
1551,39,18,purchase,2022-11-18 18:45:37
1552,84,44,purchase,2023-07-22 10:03:08
1553,52,47,view,2023-07-15 01:14:25
1554,90,1,like,2023-10-03 05:13:02
1555,50,14,click,2022-03-08 21:22:40
1556,79,30,purchase,2022-01-01 16:40:54
1557,42,14,click,2022-07-18 22:25:44
1558,58,23,click,2022-10-15 19:37:58
1559,94,27,purchase,2023-06-30 19:02:41
1560,80,10,click,2022-05-29 09:27:03
1561,78,27,view,2022-03-12 20:29:06
1562,61,16,like,2023-10-26 03:45:11
1563,49,23,click,2023-09-20 22:55:40
1564,12,28,like,2023-02-27 06:56:28
1565,47,37,click,2023-10-15 18:53:57
1566,95,46,purchase,2022-04-30 01:26:15
1567,51,9,like,2023-07-21 07:26:56
1568,10,6,purchase,2023-10-29 09:02:09
1569,60,14,like,2022-02-04 12:41:37
1570,53,12,purchase,2022-09-18 06:44:36
1571,54,15,click,2022-10-04 13:50:42
1572,13,19,view,2023-11-29 14:24:45
1573,11,27,view,2022-03-13 15:43:47
1574,59,41,click,2023-02-15 00:33:54
1575,40,15,purchase,2023-03-29 22:59:05
1576,18,33,click,2022-01-10 09:41:05
1577,72,16,like,2022-09-10 09:12:37
1578,98,32,click,2023-10-28 09:21:43
1579,38,2,purchase,2023-07-31 02:08:51
1580,51,38,view,2023-03-12 01:23:17
1581,88,24,view,2023-05-15 00:21:31
1582,78,42,view,2023-01-22 23:54:19
1583,62,29,click,2023-12-09 01:56:37
1584,40,33,view,2022-10-31 02:51:09
1585,8,8,view,2022-10-12 17:57:18
1586,52,20,click,2023-01-10 19:18:06
1587,70,44,click,2023-04-10 02:38:26
1588,24,38,click,2023-01-12 17:08:48
1589,20,27,click,2023-01-15 00:42:15
1590,46,40,purchase,2023-07-03 00:20:30
1591,41,32,view,2023-12-26 12:47:59
1592,36,12,like,2022-10-20 03:28:44
1593,27,46,like,2023-01-28 06:58:46
1594,88,10,view,2022-02-07 23:12:35
1595,41,50,click,2022-10-14 16:56:22
1596,3,31,click,2022-09-04 14:54:40
1597,56,24,purchase,2022-01-15 07:16:25
1598,94,37,purchase,2022-01-22 17:20:37
1599,44,43,click,2023-03-10 14:20:17
1600,82,9,like,2022-06-07 22:46:34
1601,36,34,click,2022-09-19 21:55:28
1602,2,7,click,2023-04-03 18:46:06
1603,64,4,like,2023-12-11 12:47:47
1604,84,14,like,2023-04-06 02:53:36
1605,59,49,purchase,2022-11-04 20:59:27
1606,21,23,purchase,2022-01-11 07:36:59
1607,93,3,click,2022-10-20 16:57:51
1608,82,19,view,2022-04-30 06:29:07
1609,99,41,purchase,2023-03-29 03:32:19
1610,27,41,like,2023-09-10 06:22:01
1611,80,39,like,2022-12-04 10:58:18
1612,53,39,like,2023-11-12 00:33:18
1613,48,7,view,2022-10-14 13:30:11
1614,48,22,purchase,2022-02-07 08:20:15
1615,6,43,like,2022-06-06 03:15:53
1616,33,29,like,2023-10-29 18:13:26
1617,62,7,view,2022-08-18 22:26:44
1618,90,49,like,2023-03-21 16:43:28
1619,32,40,purchase,2022-12-23 07:00:15
1620,37,4,view,2023-10-02 03:47:21
1621,46,49,like,2023-05-27 23:27:07
1622,65,20,like,2023-08-30 01:52:29
1623,2,49,click,2023-04-03 02:07:00
1624,90,15,purchase,2023-06-23 19:04:35
1625,25,10,like,2023-08-31 19:31:16
1626,20,21,like,2023-03-11 03:00:24
1627,49,9,purchase,2023-05-03 16:04:27
1628,4,1,click,2022-09-27 02:08:45
1629,36,30,view,2023-09-13 00:15:41
1630,60,31,like,2023-12-17 22:25:15
1631,69,32,like,2023-06-08 02:47:57
1632,63,5,view,2022-01-28 20:12:30
1633,7,23,view,2023-09-21 06:14:49
1634,46,3,view,2023-12-04 16:58:00
1635,33,35,like,2022-06-23 15:21:39
1636,20,49,view,2023-10-14 05:24:58
1637,26,30,like,2023-08-30 09:02:38
1638,61,14,view,2023-01-05 12:08:20
1639,68,37,purchase,2022-09-24 04:27:04
1640,27,2,like,2022-04-15 18:14:02
1641,52,28,click,2022-04-15 20:49:26
1642,58,43,like,2022-08-25 14:30:00
1643,1,43,like,2022-10-05 02:25:28
1644,6,8,purchase,2022-09-21 15:36:23
1645,44,4,view,2023-11-11 14:31:04
1646,30,8,click,2022-12-15 10:02:50
1647,90,31,like,2022-07-26 10:05:33
1648,18,13,like,2023-12-05 00:29:04
1649,31,33,purchase,2022-07-23 23:14:42
1650,9,35,like,2022-03-20 11:37:21
1651,84,37,view,2023-02-20 10:01:53
1652,85,25,click,2023-11-15 07:24:33
1653,63,41,view,2022-09-03 03:25:08
1654,82,26,like,2023-12-14 12:32:53
1655,99,21,purchase,2023-11-03 02:28:21
1656,20,26,like,2022-12-20 12:32:55
1657,99,28,view,2022-07-10 00:26:22
1658,26,46,like,2022-06-17 20:05:12
1659,19,33,purchase,2023-03-12 17:04:58
1660,23,36,purchase,2023-05-07 18:15:27
1661,49,38,click,2022-07-12 00:03:29
1662,91,43,view,2023-08-10 14:01:15
1663,40,17,like,2023-10-02 19:59:49
1664,76,2,view,2023-05-18 05:58:20
1665,62,13,like,2023-02-04 14:30:30
1666,98,22,view,2023-09-24 12:37:11
1667,86,30,like,2023-09-25 06:43:51
1668,88,6,purchase,2022-07-17 02:09:27
1669,68,25,like,2023-07-01 06:18:20
1670,28,41,purchase,2022-02-23 07:08:27
1671,46,11,view,2022-02-24 14:10:18
1672,60,5,view,2023-03-19 08:48:21
1673,7,27,view,2023-06-09 03:51:23
1674,16,10,purchase,2023-10-28 22:39:26
1675,74,19,purchase,2023-10-18 16:38:51
1676,78,16,view,2022-05-15 05:23:21
1677,21,25,view,2022-04-06 12:22:02
1678,15,6,purchase,2023-06-27 20:53:16
1679,13,28,purchase,2022-12-26 08:36:52
1680,73,21,click,2023-02-19 11:48:16
1681,46,25,like,2022-10-21 22:57:21
1682,3,15,view,2023-07-04 18:37:00
1683,91,28,purchase,2022-07-03 10:05:02
1684,13,33,purchase,2023-05-19 01:09:06
1685,28,2,click,2022-07-15 13:55:32
1686,45,33,click,2022-08-01 20:12:41
1687,5,50,click,2023-07-08 00:45:47
1688,82,32,purchase,2022-10-26 07:48:30
1689,75,20,like,2022-07-17 15:41:07
1690,71,12,click,2022-05-15 21:53:21
1691,63,41,click,2023-05-06 11:15:41
1692,31,22,like,2023-03-27 23:37:44
1693,11,40,purchase,2022-01-05 11:37:00
1694,29,45,purchase,2023-09-13 21:13:29
1695,44,12,purchase,2023-08-09 05:24:41
1696,95,14,view,2022-03-09 09:08:56
1697,67,39,view,2023-12-30 16:39:21
1698,79,46,like,2022-07-17 16:40:44
1699,81,3,like,2022-09-14 21:31:41
1700,33,50,view,2023-09-13 19:21:23
1701,12,30,like,2022-10-22 23:13:57
1702,24,50,view,2022-03-30 09:37:05
1703,23,12,like,2023-02-25 17:46:16
1704,33,35,purchase,2023-10-02 11:01:28
1705,95,36,like,2022-06-25 02:45:16
1706,78,9,click,2023-04-14 22:52:52
1707,5,48,view,2022-01-14 08:18:19
1708,45,47,view,2023-10-07 17:21:55
1709,32,25,like,2023-12-07 05:05:02
1710,43,8,purchase,2023-02-15 13:42:35
1711,49,36,like,2023-05-01 12:34:34
1712,85,36,like,2023-05-09 13:46:17
1713,42,44,purchase,2023-06-11 18:27:53
1714,48,28,purchase,2022-10-24 00:59:52
1715,47,31,like,2023-12-20 15:01:44
1716,87,31,view,2022-10-14 08:44:15
1717,96,44,purchase,2022-07-15 12:58:41
1718,72,41,view,2022-02-09 22:43:51
1719,33,25,purchase,2022-10-24 12:53:01
1720,61,50,purchase,2022-04-01 23:40:18
1721,13,25,click,2023-04-04 21:43:16
1722,10,34,purchase,2022-08-18 13:18:38
1723,33,19,like,2023-01-03 15:14:23
1724,51,35,click,2022-01-14 03:06:01
1725,65,22,purchase,2022-03-31 08:08:07
1726,77,35,view,2023-10-22 10:50:50
1727,50,2,click,2023-08-16 08:38:51
1728,8,6,view,2022-04-23 19:36:51
1729,2,13,like,2023-09-06 05:32:06
1730,48,45,click,2023-12-22 16:09:38
1731,61,32,purchase,2022-06-08 22:02:45
1732,36,9,view,2023-05-17 02:49:03
1733,94,4,view,2022-04-26 20:58:30
1734,88,43,like,2023-07-11 04:13:06
1735,15,31,purchase,2022-02-10 14:52:57
1736,33,16,view,2023-04-01 10:16:57
1737,15,18,like,2023-04-25 07:18:45
1738,60,39,click,2023-10-26 14:00:09
1739,14,26,purchase,2023-06-16 14:39:29
1740,73,40,like,2023-02-05 14:56:40
1741,91,35,purchase,2022-09-18 05:06:24
1742,70,21,click,2022-10-18 20:22:39
1743,98,36,view,2023-09-06 21:49:31
1744,5,19,click,2022-05-11 17:26:48
1745,32,47,like,2023-02-21 07:00:29
1746,78,33,click,2023-11-17 05:41:13
1747,87,40,purchase,2023-07-11 14:08:33
1748,84,11,click,2022-11-19 16:23:46
1749,82,22,purchase,2023-04-26 21:17:50
1750,93,44,view,2023-11-08 02:53:34
1751,2,50,purchase,2022-02-21 14:02:20
1752,89,39,view,2022-02-16 23:20:20
1753,68,30,purchase,2023-08-12 12:09:56
1754,22,45,like,2023-02-20 18:13:46
1755,42,47,like,2023-01-17 11:31:44
1756,81,43,like,2023-01-24 04:08:35
1757,45,45,purchase,2022-11-21 04:50:04
1758,37,22,view,2023-07-01 09:14:04
1759,72,7,like,2022-04-29 01:54:57
1760,99,45,click,2022-04-28 23:19:15
1761,29,50,click,2022-05-07 16:47:39
1762,82,49,click,2023-05-09 22:23:44
1763,88,3,like,2022-01-14 16:50:32
1764,66,25,click,2023-05-17 22:38:03
1765,78,43,like,2022-07-28 12:29:13
1766,61,40,purchase,2022-08-16 15:07:01
1767,74,8,click,2023-02-06 01:59:39
1768,27,26,view,2022-04-03 01:21:47
1769,59,40,purchase,2023-01-20 21:32:08
1770,45,17,view,2023-11-02 06:37:48
1771,46,4,view,2023-05-17 11:29:14
1772,83,7,like,2023-07-16 19:52:18
1773,51,30,like,2022-10-13 18:08:48
1774,8,41,purchase,2023-03-30 22:18:01
1775,19,22,click,2022-07-12 10:36:46
1776,9,11,purchase,2023-08-25 21:34:00
1777,47,36,like,2022-09-10 00:52:26
1778,17,12,like,2023-01-24 02:28:44
1779,43,6,view,2022-08-02 14:13:34
1780,83,30,purchase,2023-07-30 12:58:34
1781,95,33,click,2022-06-17 06:55:34
1782,52,47,view,2023-09-17 00:52:50
1783,95,1,click,2023-08-15 13:54:44
1784,76,9,click,2022-06-08 13:59:50
1785,56,39,purchase,2023-07-09 04:52:44
1786,75,34,purchase,2022-04-26 04:54:59
1787,3,8,click,2023-07-17 05:28:02
1788,35,16,like,2022-12-03 01:17:45
1789,76,20,view,2023-07-14 14:39:02
1790,29,7,purchase,2022-12-07 08:50:55
1791,65,5,like,2023-08-24 06:16:42
1792,22,48,purchase,2022-12-22 20:22:52
1793,76,12,purchase,2023-12-12 15:43:02
1794,95,46,purchase,2022-10-19 11:14:37
1795,44,39,view,2023-02-09 20:23:45
1796,33,16,click,2022-07-22 21:50:46
1797,3,17,purchase,2022-01-17 14:12:00
1798,76,3,click,2023-12-28 21:15:30
1799,13,13,view,2023-07-13 12:20:36
1800,63,49,like,2022-10-13 03:11:55
1801,88,10,purchase,2022-11-08 04:08:17
1802,74,43,purchase,2022-06-11 03:55:23
1803,26,11,view,2023-12-15 01:52:03
1804,29,19,view,2023-01-29 01:29:40
1805,1,40,click,2023-11-07 16:33:16
1806,59,39,click,2022-11-16 09:18:46
1807,82,8,like,2023-12-24 21:31:49
1808,4,15,purchase,2023-02-12 22:27:05
1809,18,11,click,2023-07-03 21:49:00
1810,53,48,view,2023-01-15 01:38:14
1811,94,15,view,2023-10-14 04:38:10
1812,53,45,purchase,2023-01-22 18:34:25
1813,78,9,click,2023-06-17 10:15:25
1814,70,47,purchase,2022-01-06 16:57:43
1815,66,28,click,2022-01-28 05:19:54
1816,31,8,like,2023-09-06 11:39:20
1817,13,42,click,2023-01-20 12:51:23
1818,8,48,click,2023-12-06 10:22:10
1819,86,25,view,2022-01-31 09:58:09
1820,40,24,like,2023-11-25 18:54:06
1821,56,17,like,2022-07-28 06:27:07
1822,16,41,click,2023-03-09 20:39:34
1823,5,4,click,2023-03-29 08:38:37
1824,9,35,click,2023-07-24 10:57:26
1825,7,22,purchase,2023-01-09 19:49:04
1826,80,37,view,2022-09-20 19:25:03
1827,42,43,purchase,2022-08-25 02:31:56
1828,64,27,click,2023-04-25 15:25:49
1829,97,42,purchase,2023-10-02 15:43:17
1830,57,1,click,2023-11-20 14:54:28
1831,74,39,click,2023-11-29 04:20:56
1832,36,8,view,2023-11-15 06:51:48
1833,30,44,purchase,2023-04-24 19:37:07
1834,45,14,like,2023-02-14 08:00:47
1835,31,37,like,2023-09-15 08:56:16
1836,98,10,view,2023-05-05 21:57:49
1837,64,23,like,2023-11-14 23:30:03
1838,62,36,click,2023-04-11 01:04:50
1839,52,6,like,2022-07-25 21:28:46
1840,36,17,view,2022-01-25 00:13:50
1841,23,17,purchase,2023-10-23 02:50:11
1842,64,12,purchase,2022-03-28 10:55:06
1843,38,45,click,2023-05-08 18:04:07
1844,51,20,click,2022-03-14 18:51:49
1845,27,44,purchase,2023-07-31 02:10:47
1846,37,50,like,2023-05-13 23:02:05
1847,94,2,view,2022-06-19 12:51:44
1848,100,3,purchase,2023-05-22 07:45:47
1849,61,44,like,2022-07-11 17:49:34
1850,85,35,view,2022-01-10 11:56:50
1851,42,3,like,2022-01-31 18:16:37
1852,81,44,click,2023-02-13 23:51:44
1853,9,19,view,2022-12-16 13:13:25
1854,67,5,purchase,2022-01-16 00:25:20
1855,44,10,purchase,2023-04-21 17:44:30
1856,1,29,view,2023-06-12 07:36:58
1857,80,10,like,2022-10-01 02:14:12
1858,37,30,purchase,2023-07-10 07:43:48
1859,62,40,like,2022-02-27 02:16:21
1860,29,21,view,2023-03-18 11:15:11
1861,7,45,click,2022-08-22 23:32:14
1862,93,13,click,2022-08-17 06:38:49
1863,18,21,purchase,2022-05-01 18:06:08
1864,85,26,click,2022-07-02 02:32:56
1865,39,44,like,2022-08-19 12:21:48
1866,14,13,click,2023-08-19 16:58:28
1867,28,8,view,2023-08-08 07:25:00
1868,82,31,view,2022-08-26 19:06:38
1869,15,5,like,2022-07-11 16:46:17
1870,60,39,click,2022-01-12 23:20:24
1871,98,10,like,2023-05-03 22:36:20
1872,59,5,click,2022-06-10 03:04:06
1873,13,44,click,2023-04-20 18:15:32
1874,56,24,like,2023-12-29 17:52:47
1875,67,16,like,2023-08-19 14:01:10
1876,40,36,like,2022-09-13 16:16:34
1877,60,33,view,2022-04-30 20:51:20
1878,67,19,like,2023-07-09 05:56:35
1879,51,42,view,2023-01-10 04:07:37
1880,51,21,purchase,2022-06-21 23:27:09
1881,87,39,view,2022-01-18 15:54:13
1882,45,27,purchase,2022-05-03 03:00:27
1883,76,10,click,2022-03-01 14:42:18
1884,96,25,view,2022-06-09 00:00:29
1885,20,3,click,2023-06-16 23:07:04
1886,17,1,view,2023-02-09 08:01:26
1887,50,8,purchase,2023-03-25 12:22:23
1888,7,46,view,2023-08-23 03:42:00
1889,43,47,click,2023-05-10 21:22:53
1890,76,32,view,2022-07-08 15:43:42
1891,22,4,like,2023-01-20 21:22:15
1892,49,43,click,2023-12-08 16:34:31
1893,13,34,click,2023-02-25 08:57:40
1894,20,5,like,2022-10-26 08:04:46
1895,3,5,purchase,2023-10-29 19:11:25
1896,33,22,purchase,2022-08-04 22:36:33
1897,42,32,like,2023-03-25 08:59:15
1898,28,13,view,2023-02-15 03:26:13
1899,34,3,like,2023-12-18 08:38:52
1900,98,21,view,2023-11-02 11:02:20
1901,95,20,click,2023-12-13 03:46:56
1902,41,29,purchase,2022-04-25 08:47:04
1903,20,5,like,2022-02-12 23:47:33
1904,23,27,like,2022-04-07 23:25:22
1905,38,50,view,2023-09-18 21:50:07
1906,74,50,like,2022-12-28 11:41:01
1907,75,29,purchase,2022-11-22 15:51:57
1908,38,42,like,2023-01-25 09:50:56
1909,99,1,click,2023-09-07 08:58:13
1910,91,44,view,2023-08-07 17:26:13
1911,63,13,click,2022-02-19 18:22:26
1912,49,4,purchase,2022-04-30 18:52:56
1913,28,26,purchase,2023-03-28 13:55:51
1914,70,26,click,2022-08-19 15:39:29
1915,43,14,purchase,2022-06-14 14:54:49
1916,89,16,like,2022-12-05 05:24:13
1917,47,16,view,2022-10-06 15:19:45
1918,63,34,view,2022-01-08 12:49:39
1919,13,7,purchase,2023-01-31 13:39:40
1920,9,17,purchase,2022-04-03 21:05:43
1921,74,1,click,2023-05-20 23:01:11
1922,42,25,click,2022-05-28 21:15:14
1923,37,5,like,2023-12-03 13:16:19
1924,52,19,click,2022-06-26 09:05:26
1925,79,45,view,2023-09-11 13:28:40
1926,87,22,view,2023-08-06 17:22:31
1927,37,48,purchase,2022-12-27 12:03:58
1928,89,14,like,2023-12-25 02:32:30
1929,51,45,click,2023-07-03 09:30:51
1930,78,1,click,2023-03-16 21:33:33
1931,64,37,purchase,2022-02-10 15:14:05
1932,6,30,like,2023-09-29 10:39:58
1933,8,24,purchase,2022-09-08 19:40:15
1934,26,39,like,2023-05-02 02:41:53
1935,23,7,like,2022-04-05 12:57:57
1936,30,36,click,2023-12-20 01:24:45
1937,66,45,purchase,2022-04-18 22:28:44
1938,19,4,click,2023-01-06 06:36:39
1939,9,40,click,2023-02-01 22:22:34
1940,80,24,like,2022-03-25 11:07:35
1941,6,28,like,2023-05-02 05:25:43
1942,9,19,purchase,2022-01-13 16:59:33
1943,12,46,view,2022-06-02 04:49:03
1944,66,37,purchase,2023-10-31 04:17:56
1945,6,32,purchase,2022-04-24 11:55:25
1946,97,4,view,2022-03-12 00:54:44
1947,43,10,view,2022-03-12 05:11:46
1948,48,9,click,2023-12-18 17:25:37
1949,28,31,click,2023-04-14 02:33:24
1950,66,10,view,2023-12-04 20:52:35
1951,58,9,view,2022-10-04 13:25:00
1952,94,2,view,2023-07-07 19:51:20
1953,4,14,click,2022-02-15 11:02:36
1954,68,37,view,2023-12-13 17:09:03
1955,95,46,view,2022-07-26 19:54:08
1956,62,2,view,2022-08-24 15:18:03
1957,41,13,view,2022-09-04 06:31:43
1958,39,37,view,2022-06-06 11:06:16
1959,88,14,view,2023-02-03 02:23:36
1960,76,46,like,2022-06-17 21:26:24
1961,28,8,purchase,2023-12-14 13:56:15
1962,18,13,click,2023-06-21 11:10:09
1963,29,10,view,2022-06-07 02:27:24
1964,63,28,purchase,2022-07-31 16:02:03
1965,37,15,view,2023-02-21 17:21:29
1966,23,40,like,2023-03-08 01:51:03
1967,7,41,click,2022-09-12 10:05:58
1968,28,49,view,2023-03-18 14:30:41
1969,40,7,like,2023-08-04 11:03:15
1970,99,9,purchase,2023-06-19 05:53:50
1971,89,15,view,2023-05-31 20:01:53
1972,30,37,click,2022-05-24 21:16:43
1973,48,46,like,2023-06-15 14:11:16
1974,20,14,view,2023-06-24 19:41:42
1975,44,12,view,2022-07-23 18:41:53
1976,22,2,like,2022-02-14 08:52:29
1977,26,45,like,2023-06-26 11:59:04
1978,70,28,click,2022-11-19 03:46:13
1979,49,20,like,2022-12-12 01:26:16
1980,10,14,purchase,2023-05-06 21:44:52
1981,47,8,purchase,2023-05-18 14:06:11
1982,99,2,view,2022-02-02 09:44:03
1983,56,19,click,2022-11-16 08:25:19
1984,70,33,purchase,2023-10-13 11:40:45
1985,80,32,click,2022-10-11 18:58:39
1986,3,1,view,2023-06-18 23:49:23
1987,50,17,purchase,2023-10-16 15:36:46
1988,22,22,purchase,2023-11-23 22:37:09
1989,5,6,purchase,2022-04-12 13:08:47
1990,12,14,purchase,2022-08-19 13:46:54
1991,97,49,click,2022-03-17 15:38:00
1992,23,32,purchase,2023-01-21 05:10:07
1993,26,50,view,2022-11-24 11:46:33
1994,81,30,purchase,2022-01-02 02:34:41
1995,43,18,purchase,2023-07-03 15:36:52
1996,39,39,view,2023-12-11 14:05:01
1997,76,40,view,2023-05-12 18:27:03
1998,42,42,purchase,2023-03-05 18:45:56
1999,75,36,click,2023-10-10 18:44:49
2000,51,12,like,2022-09-28 06:54:42
2001,45,13,view,2024-09-28 06:54:42